problem_id,service_id,service_name,priority,status,created_at,age_days
PRB_00001,SVC_AUTH,Authentication Service,P2,RESOLVED,2026-07-28 16:07:28,12.7
PRB_00002,SVC_AUTH,Authentication Service,P2,OPEN,2026-08-05 10:36:16,4.93
PRB_00003,SVC_WEB,Web Frontend,P2,OPEN,2026-07-19 06:31:28,22.1
PRB_00004,SVC_REP,Reporting Service,P1,OPEN,2026-08-06 13:14:40,3.82
PRB_00005,SVC_ECOM,E-Commerce Platform,P2,INVESTIGATING,2026-07-31 16:07:28,9.7
PRB_00006,SVC_WEB,Web Frontend,P3,RESOLVED,2026-08-02 08:55:28,8.0
PRB_00007,SVC_ECOM,E-Commerce Platform,P3,RESOLVED,2026-08-05 17:48:16,4.63
PRB_00008,SVC_EMAIL,Email Service,P3,RESOLVED,2026-08-06 11:05:04,3.91
PRB_00009,SVC_DB,Core Database Cluster,P1,OPEN,2026-07-17 16:07:28,23.7
PRB_00010,SVC_WEB,Web Frontend,P3,RESOLVED,2026-06-18 01:43:28,53.3
PRB_00011,SVC_DB,Core Database Cluster,P3,RESOLVED,2026-08-10 01:14:40,0.32
PRB_00012,SVC_DB,Core Database Cluster,P3,RESOLVED,2026-08-06 11:48:16,3.88
PRB_00013,SVC_SHIP,Shipping Service,P2,INVESTIGATING,2026-07-10 18:31:28,30.6
PRB_00014,SVC_DB,Core Database Cluster,P4,RESOLVED,2026-07-15 20:55:28,25.5
PRB_00015,SVC_EMAIL,Email Service,P3,RESOLVED,2026-06-23 23:19:28,47.4
PRB_00016,SVC_PAYMENT,Payment Gateway,P3,INVESTIGATING,2026-04-27 04:07:28,105.2
PRB_00017,SVC_EMAIL,Email Service,P4,RESOLVED,2026-07-31 23:19:28,9.4
PRB_00018,SVC_SHIP,Shipping Service,P1,RESOLVED,2026-07-13 20:55:28,27.5
PRB_00019,SVC_INV,Inventory Service,P3,RESOLVED,2026-07-23 11:19:28,17.9
PRB_00020,SVC_EMAIL,Email Service,P2,RESOLVED,2026-08-09 15:53:04,0.71
PRB_00021,SVC_AUTH,Authentication Service,P3,RESOLVED,2026-08-05 17:19:28,4.65
PRB_00022,SVC_PAYMENT,Payment Gateway,P2,RESOLVED,2026-07-19 01:43:28,22.3
PRB_00023,SVC_REP,Reporting Service,P3,INVESTIGATING,2026-07-13 08:55:28,28.0
PRB_00024,SVC_DB,Core Database Cluster,P3,INVESTIGATING,2026-07-13 01:43:28,28.3
PRB_00025,SVC_INV,Inventory Service,P2,RESOLVED,2026-06-18 18:31:28,52.6
PRB_00026,SVC_INV,Inventory Service,P2,RESOLVED,2026-07-22 04:07:28,19.2
PRB_00027,SVC_DB,Core Database Cluster,P3,RESOLVED,2026-07-30 20:55:28,10.5
PRB_00028,SVC_WEB,Web Frontend,P3,RESOLVED,2026-07-28 01:43:28,13.3
PRB_00029,SVC_EMAIL,Email Service,P2,RESOLVED,2026-07-25 08:55:28,16.0
PRB_00030,SVC_WEB,Web Frontend,P3,INVESTIGATING,2026-07-24 11:19:28,16.9
PRB_00031,SVC_WEB,Web Frontend,P3,RESOLVED,2026-07-13 01:43:28,28.3
PRB_00032,SVC_PAYMENT,Payment Gateway,P2,INVESTIGATING,2026-08-07 07:29:04,3.06
PRB_00033,SVC_AUTH,Authentication Service,P3,RESOLVED,2026-06-25 01:43:28,46.3
PRB_00034,SVC_DB,Core Database Cluster,P2,RESOLVED,2026-06-01 23:19:28,69.4
PRB_00035,SVC_REP,Reporting Service,P2,RESOLVED,2026-08-04 03:38:40,6.22
PRB_00036,SVC_ECOM,E-Commerce Platform,P2,RESOLVED,2026-06-15 08:55:28,56.0
PRB_00037,SVC_ORD,Order Management,P1,RESOLVED,2026-05-31 01:43:28,71.3
PRB_00038,SVC_SHIP,Shipping Service,P4,OPEN,2026-08-04 18:02:40,5.62
PRB_00039,SVC_AUTH,Authentication Service,P1,RESOLVED,2026-07-15 13:43:28,25.8
PRB_00040,SVC_EMAIL,Email Service,P3,RESOLVED,2026-07-05 08:55:28,36.0
PRB_00041,SVC_INV,Inventory Service,P4,RESOLVED,2026-06-13 06:31:28,58.1
PRB_00042,SVC_PAYMENT,Payment Gateway,P3,RESOLVED,2026-07-20 18:31:28,20.6
PRB_00043,SVC_ECOM,E-Commerce Platform,P4,RESOLVED,2026-05-07 20:55:28,94.5
PRB_00044,SVC_INV,Inventory Service,P2,RESOLVED,2026-07-10 11:19:28,30.9
PRB_00045,SVC_DB,Core Database Cluster,P3,RESOLVED,2026-07-29 18:31:28,11.6
PRB_00046,SVC_ORD,Order Management,P3,OPEN,2026-05-11 06:31:28,91.1
PRB_00047,SVC_PAYMENT,Payment Gateway,P2,RESOLVED,2026-06-12 20:55:28,58.5
PRB_00048,SVC_ECOM,E-Commerce Platform,P3,RESOLVED,2026-06-09 11:19:28,61.9
PRB_00049,SVC_WEB,Web Frontend,P4,INVESTIGATING,2026-06-17 16:07:28,53.7
PRB_00050,SVC_ORD,Order Management,P4,RESOLVED,2026-08-08 06:45:52,2.09
PRB_00051,SVC_INV,Inventory Service,P2,RESOLVED,2026-08-01 18:31:28,8.6
PRB_00052,SVC_PAYMENT,Payment Gateway,P2,INVESTIGATING,2026-04-17 08:55:28,115.0
PRB_00053,SVC_ORD,Order Management,P3,OPEN,2026-07-16 04:07:28,25.2
PRB_00054,SVC_WEB,Web Frontend,P3,RESOLVED,2026-04-21 20:55:28,110.5
PRB_00055,SVC_SHIP,Shipping Service,P4,RESOLVED,2026-07-21 18:31:28,19.6
PRB_00056,SVC_REP,Reporting Service,P3,OPEN,2026-08-04 03:53:04,6.21
PRB_00057,SVC_SHIP,Shipping Service,P1,OPEN,2026-07-27 18:31:28,13.6
PRB_00058,SVC_ECOM,E-Commerce Platform,P3,RESOLVED,2026-07-26 01:43:28,15.3
PRB_00059,SVC_INV,Inventory Service,P3,RESOLVED,2026-07-05 01:43:28,36.3
PRB_00060,SVC_ORD,Order Management,P2,RESOLVED,2026-07-25 06:31:28,16.1
PRB_00061,SVC_INV,Inventory Service,P1,INVESTIGATING,2026-06-16 18:31:28,54.6
PRB_00062,SVC_EMAIL,Email Service,P3,OPEN,2026-08-08 09:09:52,1.99
PRB_00063,SVC_PAYMENT,Payment Gateway,P1,OPEN,2026-06-30 11:19:28,40.9
PRB_00064,SVC_PAYMENT,Payment Gateway,P2,OPEN,2026-08-07 14:55:28,2.75
PRB_00065,SVC_PAYMENT,Payment Gateway,P3,INVESTIGATING,2026-08-07 16:36:16,2.68
PRB_00066,SVC_WEB,Web Frontend,P2,RESOLVED,2026-07-01 16:07:28,39.7
PRB_00067,SVC_EMAIL,Email Service,P2,INVESTIGATING,2026-08-06 13:00:16,3.83
PRB_00068,SVC_INV,Inventory Service,P3,OPEN,2026-05-19 20:55:28,82.5
PRB_00069,SVC_SHIP,Shipping Service,P3,RESOLVED,2026-07-20 04:07:28,21.2
PRB_00070,SVC_ECOM,E-Commerce Platform,P4,RESOLVED,2026-05-11 20:55:28,90.5
PRB_00071,SVC_INV,Inventory Service,P4,OPEN,2026-05-13 06:31:28,89.1
PRB_00072,SVC_AUTH,Authentication Service,P4,INVESTIGATING,2026-08-06 13:14:40,3.82
PRB_00073,SVC_WEB,Web Frontend,P3,OPEN,2026-06-20 23:19:28,50.4
PRB_00074,SVC_INV,Inventory Service,P3,RESOLVED,2026-08-07 18:17:04,2.61
PRB_00075,SVC_AUTH,Authentication Service,P3,OPEN,2026-08-04 02:41:04,6.26
PRB_00076,SVC_WEB,Web Frontend,P3,OPEN,2026-08-09 13:57:52,0.79
PRB_00077,SVC_AUTH,Authentication Service,P3,RESOLVED,2026-07-26 11:19:28,14.9
PRB_00078,SVC_INV,Inventory Service,P3,RESOLVED,2026-08-09 08:26:40,1.02
PRB_00079,SVC_INV,Inventory Service,P3,INVESTIGATING,2026-08-07 13:43:28,2.8
PRB_00080,SVC_ECOM,E-Commerce Platform,P1,INVESTIGATING,2026-08-05 20:12:16,4.53
PRB_00081,SVC_WEB,Web Frontend,P3,RESOLVED,2026-08-08 10:50:40,1.92
PRB_00082,SVC_REP,Reporting Service,P3,RESOLVED,2026-05-17 23:19:28,84.4
PRB_00083,SVC_ORD,Order Management,P2,INVESTIGATING,2026-08-05 13:43:28,4.8
PRB_00084,SVC_EMAIL,Email Service,P2,RESOLVED,2026-07-12 01:43:28,29.3
PRB_00085,SVC_SHIP,Shipping Service,P1,RESOLVED,2026-05-25 23:19:28,76.4
PRB_00086,SVC_INV,Inventory Service,P2,RESOLVED,2026-06-30 01:43:28,41.3
PRB_00087,SVC_INV,Inventory Service,P4,RESOLVED,2026-06-08 16:07:28,62.7
PRB_00088,SVC_DB,Core Database Cluster,P3,RESOLVED,2026-07-08 04:07:28,33.2
PRB_00089,SVC_ECOM,E-Commerce Platform,P1,INVESTIGATING,2026-05-28 01:43:28,74.3
PRB_00090,SVC_PAYMENT,Payment Gateway,P3,INVESTIGATING,2026-08-04 18:02:40,5.62
PRB_00091,SVC_WEB,Web Frontend,P3,RESOLVED,2026-06-20 08:55:28,51.0
PRB_00092,SVC_ORD,Order Management,P3,RESOLVED,2026-07-19 13:43:28,21.8
PRB_00093,SVC_ECOM,E-Commerce Platform,P2,RESOLVED,2026-08-06 07:00:16,4.08
PRB_00094,SVC_AUTH,Authentication Service,P3,RESOLVED,2026-07-29 08:55:28,12.0
PRB_00095,SVC_DB,Core Database Cluster,P3,INVESTIGATING,2026-05-14 08:55:28,88.0
PRB_00096,SVC_PAYMENT,Payment Gateway,P3,OPEN,2026-05-11 04:07:28,91.2
PRB_00097,SVC_ECOM,E-Commerce Platform,P3,RESOLVED,2026-08-05 07:57:52,5.04
PRB_00098,SVC_INV,Inventory Service,P4,INVESTIGATING,2026-08-08 04:50:40,2.17
PRB_00099,SVC_ECOM,E-Commerce Platform,P2,RESOLVED,2026-08-07 12:02:40,2.87
PRB_00100,SVC_ECOM,E-Commerce Platform,P3,OPEN,2026-07-12 20:55:28,28.5
PRB_00101,SVC_SHIP,Shipping Service,P4,RESOLVED,2026-07-23 06:31:28,18.1
PRB_00102,SVC_EMAIL,Email Service,P2,RESOLVED,2026-08-04 07:57:52,6.04
PRB_00103,SVC_SHIP,Shipping Service,P3,INVESTIGATING,2026-06-13 20:55:28,57.5
PRB_00104,SVC_ECOM,E-Commerce Platform,P3,RESOLVED,2026-05-27 13:43:28,74.8
PRB_00105,SVC_ORD,Order Management,P1,RESOLVED,2026-08-06 01:00:16,4.33
PRB_00106,SVC_AUTH,Authentication Service,P3,RESOLVED,2026-06-24 01:43:28,47.3
PRB_00107,SVC_INV,Inventory Service,P3,RESOLVED,2026-05-30 08:55:28,72.0
PRB_00108,SVC_REP,Reporting Service,P2,RESOLVED,2026-08-04 00:02:40,6.37
PRB_00109,SVC_INV,Inventory Service,P4,RESOLVED,2026-04-23 23:19:28,108.4
PRB_00110,SVC_ECOM,E-Commerce Platform,P3,RESOLVED,2026-08-03 21:53:04,6.46
PRB_00111,SVC_ORD,Order Management,P3,RESOLVED,2026-05-17 08:55:28,85.0
PRB_00112,SVC_AUTH,Authentication Service,P3,RESOLVED,2026-08-09 09:24:16,0.98
PRB_00113,SVC_ORD,Order Management,P3,RESOLVED,2026-07-07 13:43:28,33.8
PRB_00114,SVC_EMAIL,Email Service,P4,OPEN,2026-06-26 08:55:28,45.0
PRB_00115,SVC_PAYMENT,Payment Gateway,P2,RESOLVED,2026-08-06 13:57:52,3.79
PRB_00116,SVC_INV,Inventory Service,P1,RESOLVED,2026-08-05 07:57:52,5.04
PRB_00117,SVC_REP,Reporting Service,P3,INVESTIGATING,2026-08-05 09:09:52,4.99
PRB_00118,SVC_EMAIL,Email Service,P3,OPEN,2026-06-14 23:19:28,56.4
PRB_00119,SVC_REP,Reporting Service,P2,OPEN,2026-08-10 06:31:28,0.1
PRB_00120,SVC_PAYMENT,Payment Gateway,P2,RESOLVED,2026-07-14 18:31:28,26.6
PRB_00121,SVC_ECOM,E-Commerce Platform,P4,OPEN,2026-07-28 08:55:28,13.0
PRB_00122,SVC_DB,Core Database Cluster,P2,OPEN,2026-08-02 16:07:28,7.7
PRB_00123,SVC_AUTH,Authentication Service,P3,INVESTIGATING,2026-07-13 01:43:28,28.3
PRB_00124,SVC_DB,Core Database Cluster,P2,RESOLVED,2026-06-21 23:19:28,49.4
PRB_00125,SVC_SHIP,Shipping Service,P3,RESOLVED,2026-04-25 16:07:28,106.7
PRB_00126,SVC_AUTH,Authentication Service,P1,INVESTIGATING,2026-07-14 08:55:28,27.0
PRB_00127,SVC_AUTH,Authentication Service,P2,INVESTIGATING,2026-04-14 13:43:28,117.8
PRB_00128,SVC_ORD,Order Management,P3,RESOLVED,2026-08-05 18:45:52,4.59
PRB_00129,SVC_ECOM,E-Commerce Platform,P3,INVESTIGATING,2026-07-09 20:55:28,31.5
PRB_00130,SVC_EMAIL,Email Service,P3,INVESTIGATING,2026-07-18 20:55:28,22.5
PRB_00131,SVC_ECOM,E-Commerce Platform,P3,INVESTIGATING,2026-08-06 14:26:40,3.77
PRB_00132,SVC_PAYMENT,Payment Gateway,P2,RESOLVED,2026-06-19 08:55:28,52.0
PRB_00133,SVC_ECOM,E-Commerce Platform,P3,RESOLVED,2026-07-14 01:43:28,27.3
PRB_00134,SVC_AUTH,Authentication Service,P3,RESOLVED,2026-07-14 23:19:28,26.4
PRB_00135,SVC_REP,Reporting Service,P3,RESOLVED,2026-08-06 15:09:52,3.74
PRB_00136,SVC_ECOM,E-Commerce Platform,P4,RESOLVED,2026-05-08 04:07:28,94.2
PRB_00137,SVC_ORD,Order Management,P2,RESOLVED,2026-08-10 02:26:40,0.27
PRB_00138,SVC_ORD,Order Management,P2,INVESTIGATING,2026-08-04 14:26:40,5.77
PRB_00139,SVC_WEB,Web Frontend,P4,RESOLVED,2026-04-12 18:31:28,119.6
PRB_00140,SVC_REP,Reporting Service,P4,RESOLVED,2026-08-09 03:38:40,1.22
PRB_00141,SVC_AUTH,Authentication Service,P4,RESOLVED,2026-07-16 01:43:28,25.3
PRB_00142,SVC_ECOM,E-Commerce Platform,P3,RESOLVED,2026-07-23 01:43:28,18.3
PRB_00143,SVC_PAYMENT,Payment Gateway,P3,OPEN,2026-07-27 08:55:28,14.0
PRB_00144,SVC_PAYMENT,Payment Gateway,P3,RESOLVED,2026-07-13 13:43:28,27.8
PRB_00145,SVC_WEB,Web Frontend,P3,RESOLVED,2026-07-21 16:07:28,19.7
PRB_00146,SVC_REP,Reporting Service,P2,RESOLVED,2026-07-25 18:31:28,15.6
PRB_00147,SVC_ORD,Order Management,P3,RESOLVED,2026-06-23 18:31:28,47.6
PRB_00148,SVC_WEB,Web Frontend,P4,RESOLVED,2026-08-08 19:14:40,1.57
PRB_00149,SVC_REP,Reporting Service,P2,INVESTIGATING,2026-07-13 23:19:28,27.4
PRB_00150,SVC_AUTH,Authentication Service,P3,RESOLVED,2026-07-17 11:19:28,23.9
PRB_00151,SVC_ECOM,E-Commerce Platform,P4,RESOLVED,2026-07-21 18:31:28,19.6
PRB_00152,SVC_PAYMENT,Payment Gateway,P2,OPEN,2026-06-10 06:31:28,61.1
PRB_00153,SVC_INV,Inventory Service,P3,RESOLVED,2026-08-09 12:31:28,0.85
PRB_00154,SVC_EMAIL,Email Service,P3,OPEN,2026-06-21 20:55:28,49.5
PRB_00155,SVC_SHIP,Shipping Service,P2,RESOLVED,2026-06-21 16:07:28,49.7
PRB_00156,SVC_EMAIL,Email Service,P1,INVESTIGATING,2026-06-23 01:43:28,48.3
PRB_00157,SVC_PAYMENT,Payment Gateway,P3,RESOLVED,2026-08-05 19:43:28,4.55
PRB_00158,SVC_REP,Reporting Service,P3,RESOLVED,2026-07-23 20:55:28,17.5
PRB_00159,SVC_SHIP,Shipping Service,P3,INVESTIGATING,2026-07-12 18:31:28,28.6
PRB_00160,SVC_EMAIL,Email Service,P3,RESOLVED,2026-08-10 00:31:28,0.35
PRB_00161,SVC_AUTH,Authentication Service,P1,INVESTIGATING,2026-08-08 20:41:04,1.51
PRB_00162,SVC_EMAIL,Email Service,P2,RESOLVED,2026-07-25 11:19:28,15.9
PRB_00163,SVC_AUTH,Authentication Service,P3,RESOLVED,2026-06-18 04:07:28,53.2
PRB_00164,SVC_ECOM,E-Commerce Platform,P3,RESOLVED,2026-04-16 11:19:28,115.9
PRB_00165,SVC_WEB,Web Frontend,P2,RESOLVED,2026-08-06 08:41:04,4.01
PRB_00166,SVC_WEB,Web Frontend,P2,RESOLVED,2026-06-27 06:31:28,44.1
PRB_00167,SVC_WEB,Web Frontend,P3,RESOLVED,2026-07-26 18:31:28,14.6
PRB_00168,SVC_WEB,Web Frontend,P4,RESOLVED,2026-07-14 16:07:28,26.7
PRB_00169,SVC_WEB,Web Frontend,P1,INVESTIGATING,2026-07-24 16:07:28,16.7
PRB_00170,SVC_PAYMENT,Payment Gateway,P2,RESOLVED,2026-07-21 06:31:28,20.1
PRB_00171,SVC_ORD,Order Management,P3,RESOLVED,2026-07-22 23:19:28,18.4
PRB_00172,SVC_EMAIL,Email Service,P2,INVESTIGATING,2026-07-14 01:43:28,27.3
PRB_00173,SVC_SHIP,Shipping Service,P3,RESOLVED,2026-06-17 23:19:28,53.4
PRB_00174,SVC_EMAIL,Email Service,P3,RESOLVED,2026-05-07 18:31:28,94.6
PRB_00175,SVC_DB,Core Database Cluster,P3,RESOLVED,2026-07-31 11:19:28,9.9
PRB_00176,SVC_PAYMENT,Payment Gateway,P2,INVESTIGATING,2026-08-01 13:43:28,8.8
PRB_00177,SVC_ORD,Order Management,P3,INVESTIGATING,2026-07-27 20:55:28,13.5
PRB_00178,SVC_INV,Inventory Service,P3,RESOLVED,2026-06-26 01:43:28,45.3
PRB_00179,SVC_SHIP,Shipping Service,P3,RESOLVED,2026-06-19 08:55:28,52.0
PRB_00180,SVC_AUTH,Authentication Service,P4,INVESTIGATING,2026-07-27 20:55:28,13.5
PRB_00181,SVC_ECOM,E-Commerce Platform,P4,RESOLVED,2026-07-09 11:19:28,31.9
PRB_00182,SVC_REP,Reporting Service,P2,RESOLVED,2026-08-06 06:02:40,4.12
PRB_00183,SVC_PAYMENT,Payment Gateway,P1,RESOLVED,2026-08-07 04:50:40,3.17
PRB_00184,SVC_ORD,Order Management,P2,RESOLVED,2026-07-16 18:31:28,24.6
PRB_00185,SVC_ORD,Order Management,P4,RESOLVED,2026-06-24 18:31:28,46.6
PRB_00186,SVC_SHIP,Shipping Service,P4,RESOLVED,2026-07-18 11:19:28,22.9
PRB_00187,SVC_REP,Reporting Service,P3,RESOLVED,2026-06-03 06:31:28,68.1
PRB_00188,SVC_PAYMENT,Payment Gateway,P3,RESOLVED,2026-08-10 03:53:04,0.21
PRB_00189,SVC_EMAIL,Email Service,P2,INVESTIGATING,2026-07-25 11:19:28,15.9
PRB_00190,SVC_ECOM,E-Commerce Platform,P1,RESOLVED,2026-07-31 23:19:28,9.4
PRB_00191,SVC_SHIP,Shipping Service,P3,INVESTIGATING,2026-07-20 04:07:28,21.2
PRB_00192,SVC_PAYMENT,Payment Gateway,P3,RESOLVED,2026-06-22 18:31:28,48.6
PRB_00193,SVC_ECOM,E-Commerce Platform,P3,RESOLVED,2026-08-09 08:12:16,1.03
PRB_00194,SVC_WEB,Web Frontend,P3,RESOLVED,2026-07-14 16:07:28,26.7
PRB_00195,SVC_SHIP,Shipping Service,P4,RESOLVED,2026-07-07 13:43:28,33.8
PRB_00196,SVC_EMAIL,Email Service,P4,RESOLVED,2026-08-03 21:53:04,6.46
PRB_00197,SVC_AUTH,Authentication Service,P3,RESOLVED,2026-08-08 05:05:04,2.16
PRB_00198,SVC_WEB,Web Frontend,P3,INVESTIGATING,2026-08-04 05:48:16,6.13
PRB_00199,SVC_ECOM,E-Commerce Platform,P2,RESOLVED,2026-07-24 06:31:28,17.1
PRB_00200,SVC_INV,Inventory Service,P3,RESOLVED,2026-04-25 04:07:28,107.2
PRB_00201,SVC_WEB,Web Frontend,P3,INVESTIGATING,2026-07-23 13:43:28,17.8
PRB_00202,SVC_PAYMENT,Payment Gateway,P2,RESOLVED,2026-08-06 03:53:04,4.21
PRB_00203,SVC_INV,Inventory Service,P3,RESOLVED,2026-07-23 16:07:28,17.7
PRB_00204,SVC_WEB,Web Frontend,P4,RESOLVED,2026-07-08 20:55:28,32.5
PRB_00205,SVC_SHIP,Shipping Service,P3,RESOLVED,2026-08-07 19:14:40,2.57
PRB_00206,SVC_ORD,Order Management,P3,RESOLVED,2026-06-27 08:55:28,44.0
PRB_00207,SVC_AUTH,Authentication Service,P3,OPEN,2026-08-08 20:55:28,1.5
PRB_00208,SVC_ORD,Order Management,P3,RESOLVED,2026-08-03 22:36:16,6.43
PRB_00209,SVC_PAYMENT,Payment Gateway,P2,RESOLVED,2026-08-04 07:43:28,6.05
PRB_00210,SVC_SHIP,Shipping Service,P3,RESOLVED,2026-07-22 08:55:28,19.0
PRB_00211,SVC_ORD,Order Management,P3,RESOLVED,2026-08-04 01:43:28,6.3
PRB_00212,SVC_AUTH,Authentication Service,P3,RESOLVED,2026-08-05 21:24:16,4.48
PRB_00213,SVC_SHIP,Shipping Service,P2,RESOLVED,2026-07-13 01:43:28,28.3
PRB_00214,SVC_ORD,Order Management,P3,OPEN,2026-08-07 21:38:40,2.47
PRB_00215,SVC_EMAIL,Email Service,P3,RESOLVED,2026-07-19 13:43:28,21.8
PRB_00216,SVC_DB,Core Database Cluster,P2,RESOLVED,2026-08-04 02:55:28,6.25
PRB_00217,SVC_INV,Inventory Service,P2,RESOLVED,2026-08-06 14:26:40,3.77
PRB_00218,SVC_PAYMENT,Payment Gateway,P3,RESOLVED,2026-07-26 18:31:28,14.6
PRB_00219,SVC_ORD,Order Management,P2,RESOLVED,2026-07-05 11:19:28,35.9
PRB_00220,SVC_WEB,Web Frontend,P3,RESOLVED,2026-05-20 20:55:28,81.5
PRB_00221,SVC_AUTH,Authentication Service,P3,RESOLVED,2026-07-14 18:31:28,26.6
PRB_00222,SVC_PAYMENT,Payment Gateway,P4,OPEN,2026-08-05 13:14:40,4.82
PRB_00223,SVC_ECOM,E-Commerce Platform,P3,OPEN,2026-05-01 01:43:28,101.3
PRB_00224,SVC_INV,Inventory Service,P3,OPEN,2026-07-26 04:07:28,15.2
PRB_00225,SVC_WEB,Web Frontend,P3,RESOLVED,2026-08-05 03:53:04,5.21
PRB_00226,SVC_ECOM,E-Commerce Platform,P3,RESOLVED,2026-07-23 20:55:28,17.5
PRB_00227,SVC_PAYMENT,Payment Gateway,P2,RESOLVED,2026-07-18 06:31:28,23.1
PRB_00228,SVC_PAYMENT,Payment Gateway,P3,INVESTIGATING,2026-07-20 20:55:28,20.5
PRB_00229,SVC_AUTH,Authentication Service,P2,OPEN,2026-04-15 23:19:28,116.4
PRB_00230,SVC_PAYMENT,Payment Gateway,P1,RESOLVED,2026-08-05 07:43:28,5.05
PRB_00231,SVC_AUTH,Authentication Service,P2,RESOLVED,2026-07-29 23:19:28,11.4
PRB_00232,SVC_EMAIL,Email Service,P3,RESOLVED,2026-08-05 10:36:16,4.93
PRB_00233,SVC_REP,Reporting Service,P2,RESOLVED,2026-07-18 18:31:28,22.6
PRB_00234,SVC_SHIP,Shipping Service,P4,RESOLVED,2026-08-06 07:14:40,4.07
PRB_00235,SVC_ECOM,E-Commerce Platform,P1,RESOLVED,2026-06-19 04:07:28,52.2
PRB_00236,SVC_INV,Inventory Service,P3,INVESTIGATING,2026-07-20 20:55:28,20.5
PRB_00237,SVC_WEB,Web Frontend,P2,RESOLVED,2026-04-30 23:19:28,101.4
PRB_00238,SVC_ECOM,E-Commerce Platform,P3,RESOLVED,2026-04-18 11:19:28,113.9
PRB_00239,SVC_DB,Core Database Cluster,P1,RESOLVED,2026-06-25 06:31:28,46.1
PRB_00240,SVC_WEB,Web Frontend,P3,RESOLVED,2026-08-04 04:36:16,6.18
PRB_00241,SVC_REP,Reporting Service,P4,RESOLVED,2026-07-25 23:19:28,15.4
PRB_00242,SVC_DB,Core Database Cluster,P3,INVESTIGATING,2026-07-13 04:07:28,28.2
PRB_00243,SVC_ORD,Order Management,P3,RESOLVED,2026-07-03 13:43:28,37.8
PRB_00244,SVC_EMAIL,Email Service,P3,RESOLVED,2026-07-30 23:19:28,10.4
PRB_00245,SVC_REP,Reporting Service,P2,OPEN,2026-04-15 08:55:28,117.0
PRB_00246,SVC_PAYMENT,Payment Gateway,P3,RESOLVED,2026-07-27 06:31:28,14.1
PRB_00247,SVC_EMAIL,Email Service,P4,OPEN,2026-07-01 08:55:28,40.0
PRB_00248,SVC_AUTH,Authentication Service,P3,RESOLVED,2026-08-10 08:26:40,0.02
PRB_00249,SVC_REP,Reporting Service,P4,INVESTIGATING,2026-07-16 06:31:28,25.1
PRB_00250,SVC_EMAIL,Email Service,P2,RESOLVED,2026-07-24 08:55:28,17.0
PRB_00251,SVC_REP,Reporting Service,P4,RESOLVED,2026-06-18 04:07:28,53.2
PRB_00252,SVC_EMAIL,Email Service,P3,RESOLVED,2026-05-28 08:55:28,74.0
PRB_00253,SVC_INV,Inventory Service,P3,INVESTIGATING,2026-05-30 11:19:28,71.9
PRB_00254,SVC_INV,Inventory Service,P3,OPEN,2026-06-13 20:55:28,57.5
PRB_00255,SVC_ORD,Order Management,P4,RESOLVED,2026-08-04 08:41:04,6.01
PRB_00256,SVC_ECOM,E-Commerce Platform,P1,RESOLVED,2026-08-06 19:00:16,3.58
PRB_00257,SVC_INV,Inventory Service,P2,OPEN,2026-07-30 16:07:28,10.7
PRB_00258,SVC_SHIP,Shipping Service,P2,RESOLVED,2026-07-28 16:07:28,12.7
PRB_00259,SVC_WEB,Web Frontend,P3,RESOLVED,2026-07-13 20:55:28,27.5
PRB_00260,SVC_SHIP,Shipping Service,P3,RESOLVED,2026-08-04 04:50:40,6.17
PRB_00261,SVC_INV,Inventory Service,P3,INVESTIGATING,2026-07-21 11:19:28,19.9
PRB_00262,SVC_ECOM,E-Commerce Platform,P3,RESOLVED,2026-08-05 11:33:52,4.89
PRB_00263,SVC_INV,Inventory Service,P4,RESOLVED,2026-07-29 18:31:28,11.6
PRB_00264,SVC_INV,Inventory Service,P3,RESOLVED,2026-07-16 06:31:28,25.1
PRB_00265,SVC_REP,Reporting Service,P3,RESOLVED,2026-07-19 16:07:28,21.7
PRB_00266,SVC_ECOM,E-Commerce Platform,P3,RESOLVED,2026-06-23 06:31:28,48.1
PRB_00267,SVC_EMAIL,Email Service,P4,RESOLVED,2026-06-23 16:07:28,47.7
PRB_00268,SVC_ORD,Order Management,P1,RESOLVED,2026-07-01 23:19:28,39.4
PRB_00269,SVC_ECOM,E-Commerce Platform,P3,RESOLVED,2026-07-29 01:43:28,12.3
PRB_00270,SVC_WEB,Web Frontend,P1,RESOLVED,2026-08-07 09:53:04,2.96
PRB_00271,SVC_ECOM,E-Commerce Platform,P3,OPEN,2026-04-26 23:19:28,105.4
PRB_00272,SVC_REP,Reporting Service,P3,RESOLVED,2026-07-19 08:55:28,22.0
PRB_00273,SVC_DB,Core Database Cluster,P2,RESOLVED,2026-07-19 23:19:28,21.4
PRB_00274,SVC_PAYMENT,Payment Gateway,P4,RESOLVED,2026-08-08 12:02:40,1.87
PRB_00275,SVC_AUTH,Authentication Service,P3,RESOLVED,2026-07-27 23:19:28,13.4
PRB_00276,SVC_ECOM,E-Commerce Platform,P3,RESOLVED,2026-08-08 09:24:16,1.98
PRB_00277,SVC_WEB,Web Frontend,P2,RESOLVED,2026-06-15 16:07:28,55.7
PRB_00278,SVC_AUTH,Authentication Service,P4,RESOLVED,2026-08-04 06:31:28,6.1
PRB_00279,SVC_PAYMENT,Payment Gateway,P3,INVESTIGATING,2026-08-07 22:50:40,2.42
PRB_00280,SVC_DB,Core Database Cluster,P4,RESOLVED,2026-05-23 13:43:28,78.8
PRB_00281,SVC_SHIP,Shipping Service,P3,RESOLVED,2026-07-16 04:07:28,25.2
PRB_00282,SVC_REP,Reporting Service,P2,INVESTIGATING,2026-05-10 20:55:28,91.5
PRB_00283,SVC_REP,Reporting Service,P3,RESOLVED,2026-07-23 01:43:28,18.3
PRB_00284,SVC_REP,Reporting Service,P2,INVESTIGATING,2026-05-14 11:19:28,87.9
PRB_00285,SVC_ORD,Order Management,P2,RESOLVED,2026-07-29 11:19:28,11.9
PRB_00286,SVC_REP,Reporting Service,P3,INVESTIGATING,2026-07-21 13:43:28,19.8
PRB_00287,SVC_SHIP,Shipping Service,P4,RESOLVED,2026-07-26 20:55:28,14.5
PRB_00288,SVC_PAYMENT,Payment Gateway,P3,INVESTIGATING,2026-08-08 00:02:40,2.37
PRB_00289,SVC_PAYMENT,Payment Gateway,P3,RESOLVED,2026-07-13 01:43:28,28.3
PRB_00290,SVC_PAYMENT,Payment Gateway,P3,RESOLVED,2026-07-29 04:07:28,12.2
PRB_00291,SVC_WEB,Web Frontend,P3,RESOLVED,2026-07-24 06:31:28,17.1
PRB_00292,SVC_WEB,Web Frontend,P2,RESOLVED,2026-08-06 07:57:52,4.04
PRB_00293,SVC_AUTH,Authentication Service,P3,RESOLVED,2026-08-07 09:09:52,2.99
PRB_00294,SVC_ECOM,E-Commerce Platform,P2,RESOLVED,2026-06-19 23:19:28,51.4
PRB_00295,SVC_INV,Inventory Service,P2,INVESTIGATING,2026-07-18 06:31:28,23.1
PRB_00296,SVC_SHIP,Shipping Service,P3,INVESTIGATING,2026-06-12 08:55:28,59.0
PRB_00297,SVC_REP,Reporting Service,P2,RESOLVED,2026-06-18 18:31:28,52.6
PRB_00298,SVC_REP,Reporting Service,P4,RESOLVED,2026-07-01 08:55:28,40.0
PRB_00299,SVC_INV,Inventory Service,P2,RESOLVED,2026-04-15 16:07:28,116.7
PRB_00300,SVC_PAYMENT,Payment Gateway,P3,OPEN,2026-07-16 11:19:28,24.9
PRB_00301,SVC_PAYMENT,Payment Gateway,P3,RESOLVED,2026-08-05 07:14:40,5.07
PRB_00302,SVC_REP,Reporting Service,P2,RESOLVED,2026-08-07 10:36:16,2.93
PRB_00303,SVC_PAYMENT,Payment Gateway,P4,RESOLVED,2026-05-11 04:07:28,91.2
PRB_00304,SVC_ECOM,E-Commerce Platform,P2,RESOLVED,2026-06-18 16:07:28,52.7
PRB_00305,SVC_AUTH,Authentication Service,P2,OPEN,2026-07-29 08:55:28,12.0
PRB_00306,SVC_AUTH,Authentication Service,P3,RESOLVED,2026-05-01 01:43:28,101.3
PRB_00307,SVC_SHIP,Shipping Service,P1,INVESTIGATING,2026-08-02 13:43:28,7.8
PRB_00308,SVC_REP,Reporting Service,P2,OPEN,2026-05-16 20:55:28,85.5
PRB_00309,SVC_REP,Reporting Service,P4,RESOLVED,2026-08-06 21:09:52,3.49
PRB_00310,SVC_ORD,Order Management,P2,RESOLVED,2026-05-13 20:55:28,88.5
PRB_00311,SVC_ECOM,E-Commerce Platform,P4,RESOLVED,2026-07-16 16:07:28,24.7
PRB_00312,SVC_ECOM,E-Commerce Platform,P2,INVESTIGATING,2026-04-26 23:19:28,105.4
PRB_00313,SVC_INV,Inventory Service,P3,RESOLVED,2026-08-03 01:43:28,7.3
PRB_00314,SVC_PAYMENT,Payment Gateway,P2,RESOLVED,2026-06-25 16:07:28,45.7
PRB_00315,SVC_SHIP,Shipping Service,P3,RESOLVED,2026-08-06 20:26:40,3.52
PRB_00316,SVC_ECOM,E-Commerce Platform,P4,RESOLVED,2026-08-08 03:24:16,2.23
PRB_00317,SVC_REP,Reporting Service,P2,RESOLVED,2026-07-30 23:19:28,10.4
PRB_00318,SVC_REP,Reporting Service,P1,RESOLVED,2026-08-05 05:05:04,5.16
PRB_00319,SVC_AUTH,Authentication Service,P3,INVESTIGATING,2026-07-31 18:31:28,9.6
PRB_00320,SVC_ORD,Order Management,P1,RESOLVED,2026-07-19 01:43:28,22.3
PRB_00321,SVC_AUTH,Authentication Service,P1,RESOLVED,2026-07-12 13:43:28,28.8
PRB_00322,SVC_AUTH,Authentication Service,P2,RESOLVED,2026-06-28 08:55:28,43.0
PRB_00323,SVC_ECOM,E-Commerce Platform,P1,RESOLVED,2026-07-01 11:19:28,39.9
PRB_00324,SVC_EMAIL,Email Service,P1,RESOLVED,2026-07-31 11:19:28,9.9
PRB_00325,SVC_INV,Inventory Service,P1,OPEN,2026-05-19 06:31:28,83.1
PRB_00326,SVC_SHIP,Shipping Service,P3,RESOLVED,2026-07-19 18:31:28,21.6
PRB_00327,SVC_REP,Reporting Service,P4,OPEN,2026-06-29 18:31:28,41.6
PRB_00328,SVC_REP,Reporting Service,P2,RESOLVED,2026-08-09 07:00:16,1.08
PRB_00329,SVC_ECOM,E-Commerce Platform,P2,RESOLVED,2026-06-27 01:43:28,44.3
PRB_00330,SVC_REP,Reporting Service,P3,RESOLVED,2026-08-05 09:53:04,4.96
PRB_00331,SVC_EMAIL,Email Service,P4,RESOLVED,2026-08-06 03:53:04,4.21
PRB_00332,SVC_SHIP,Shipping Service,P3,INVESTIGATING,2026-06-21 13:43:28,49.8
PRB_00333,SVC_PAYMENT,Payment Gateway,P3,INVESTIGATING,2026-07-21 01:43:28,20.3
PRB_00334,SVC_REP,Reporting Service,P1,INVESTIGATING,2026-07-30 16:07:28,10.7
PRB_00335,SVC_ECOM,E-Commerce Platform,P2,RESOLVED,2026-07-31 20:55:28,9.5
PRB_00336,SVC_INV,Inventory Service,P1,RESOLVED,2026-05-29 18:31:28,72.6
PRB_00337,SVC_INV,Inventory Service,P4,OPEN,2026-04-14 04:07:28,118.2
PRB_00338,SVC_REP,Reporting Service,P4,RESOLVED,2026-05-28 13:43:28,73.8
PRB_00339,SVC_REP,Reporting Service,P2,RESOLVED,2026-06-25 04:07:28,46.2
PRB_00340,SVC_ECOM,E-Commerce Platform,P1,RESOLVED,2026-07-13 11:19:28,27.9
PRB_00341,SVC_ORD,Order Management,P4,RESOLVED,2026-08-09 08:41:04,1.01
PRB_00342,SVC_ECOM,E-Commerce Platform,P2,RESOLVED,2026-07-20 23:19:28,20.4
PRB_00343,SVC_INV,Inventory Service,P3,OPEN,2026-06-13 11:19:28,57.9
PRB_00344,SVC_SHIP,Shipping Service,P3,RESOLVED,2026-06-24 04:07:28,47.2
PRB_00345,SVC_EMAIL,Email Service,P3,RESOLVED,2026-07-20 04:07:28,21.2
PRB_00346,SVC_REP,Reporting Service,P3,RESOLVED,2026-07-29 04:07:28,12.2
PRB_00347,SVC_DB,Core Database Cluster,P1,RESOLVED,2026-07-13 08:55:28,28.0
PRB_00348,SVC_PAYMENT,Payment Gateway,P4,RESOLVED,2026-04-22 18:31:28,109.6
PRB_00349,SVC_EMAIL,Email Service,P4,INVESTIGATING,2026-08-07 15:38:40,2.72
PRB_00350,SVC_PAYMENT,Payment Gateway,P4,RESOLVED,2026-08-09 03:53:04,1.21
PRB_00351,SVC_EMAIL,Email Service,P2,RESOLVED,2026-06-19 13:43:28,51.8
PRB_00352,SVC_WEB,Web Frontend,P3,INVESTIGATING,2026-06-30 11:19:28,40.9
PRB_00353,SVC_AUTH,Authentication Service,P3,OPEN,2026-06-13 20:55:28,57.5
PRB_00354,SVC_INV,Inventory Service,P3,RESOLVED,2026-07-15 18:31:28,25.6
PRB_00355,SVC_WEB,Web Frontend,P1,RESOLVED,2026-07-30 01:43:28,11.3
PRB_00356,SVC_DB,Core Database Cluster,P3,OPEN,2026-07-30 11:19:28,10.9
PRB_00357,SVC_INV,Inventory Service,P3,RESOLVED,2026-07-03 01:43:28,38.3
PRB_00358,SVC_AUTH,Authentication Service,P2,RESOLVED,2026-07-03 08:55:28,38.0
PRB_00359,SVC_WEB,Web Frontend,P3,RESOLVED,2026-07-27 23:19:28,13.4
PRB_00360,SVC_ECOM,E-Commerce Platform,P3,RESOLVED,2026-07-31 04:07:28,10.2
PRB_00361,SVC_ORD,Order Management,P3,OPEN,2026-07-13 06:31:28,28.1
PRB_00362,SVC_ECOM,E-Commerce Platform,P2,INVESTIGATING,2026-08-09 12:02:40,0.87
PRB_00363,SVC_ECOM,E-Commerce Platform,P3,INVESTIGATING,2026-08-07 18:02:40,2.62
PRB_00364,SVC_REP,Reporting Service,P3,RESOLVED,2026-05-03 13:43:28,98.8
PRB_00365,SVC_REP,Reporting Service,P4,RESOLVED,2026-07-23 18:31:28,17.6
PRB_00366,SVC_WEB,Web Frontend,P3,RESOLVED,2026-08-06 01:14:40,4.32
PRB_00367,SVC_SHIP,Shipping Service,P2,RESOLVED,2026-08-05 06:45:52,5.09
PRB_00368,SVC_WEB,Web Frontend,P3,RESOLVED,2026-08-09 08:41:04,1.01
PRB_00369,SVC_ORD,Order Management,P2,RESOLVED,2026-06-28 11:19:28,42.9
PRB_00370,SVC_ORD,Order Management,P4,RESOLVED,2026-07-22 23:19:28,18.4
PRB_00371,SVC_AUTH,Authentication Service,P3,INVESTIGATING,2026-07-24 08:55:28,17.0
PRB_00372,SVC_INV,Inventory Service,P3,RESOLVED,2026-08-06 15:09:52,3.74
PRB_00373,SVC_EMAIL,Email Service,P3,RESOLVED,2026-08-07 15:38:40,2.72
PRB_00374,SVC_ECOM,E-Commerce Platform,P3,RESOLVED,2026-04-22 13:43:28,109.8
PRB_00375,SVC_ORD,Order Management,P3,RESOLVED,2026-06-12 23:19:28,58.4
PRB_00376,SVC_PAYMENT,Payment Gateway,P4,RESOLVED,2026-07-24 20:55:28,16.5
PRB_00377,SVC_INV,Inventory Service,P3,RESOLVED,2026-08-09 02:55:28,1.25
PRB_00378,SVC_ORD,Order Management,P2,OPEN,2026-05-13 08:55:28,89.0
PRB_00379,SVC_SHIP,Shipping Service,P1,RESOLVED,2026-08-09 00:17:04,1.36
PRB_00380,SVC_REP,Reporting Service,P2,RESOLVED,2026-06-17 20:55:28,53.5
PRB_00381,SVC_AUTH,Authentication Service,P3,RESOLVED,2026-07-22 04:07:28,19.2
PRB_00382,SVC_PAYMENT,Payment Gateway,P2,RESOLVED,2026-07-14 20:55:28,26.5
PRB_00383,SVC_SHIP,Shipping Service,P2,RESOLVED,2026-06-14 08:55:28,57.0
PRB_00384,SVC_ECOM,E-Commerce Platform,P4,RESOLVED,2026-07-16 23:19:28,24.4
PRB_00385,SVC_DB,Core Database Cluster,P3,RESOLVED,2026-08-07 05:05:04,3.16
PRB_00386,SVC_EMAIL,Email Service,P4,OPEN,2026-08-07 21:53:04,2.46
PRB_00387,SVC_ORD,Order Management,P1,RESOLVED,2026-08-05 17:05:04,4.66
PRB_00388,SVC_ECOM,E-Commerce Platform,P1,RESOLVED,2026-05-17 18:31:28,84.6
PRB_00389,SVC_WEB,Web Frontend,P4,RESOLVED,2026-05-09 06:31:28,93.1
PRB_00390,SVC_SHIP,Shipping Service,P2,INVESTIGATING,2026-08-05 07:00:16,5.08
PRB_00391,SVC_WEB,Web Frontend,P4,OPEN,2026-04-25 18:31:28,106.6
PRB_00392,SVC_ECOM,E-Commerce Platform,P1,RESOLVED,2026-08-06 22:07:28,3.45
PRB_00393,SVC_PAYMENT,Payment Gateway,P1,INVESTIGATING,2026-06-10 06:31:28,61.1
PRB_00394,SVC_WEB,Web Frontend,P3,OPEN,2026-08-03 21:09:52,6.49
PRB_00395,SVC_INV,Inventory Service,P3,RESOLVED,2026-05-10 11:19:28,91.9
PRB_00396,SVC_ORD,Order Management,P4,RESOLVED,2026-07-24 23:19:28,16.4
PRB_00397,SVC_AUTH,Authentication Service,P3,RESOLVED,2026-06-13 20:55:28,57.5
PRB_00398,SVC_AUTH,Authentication Service,P2,RESOLVED,2026-08-03 23:05:04,6.41
PRB_00399,SVC_PAYMENT,Payment Gateway,P3,OPEN,2026-04-27 01:43:28,105.3
PRB_00400,SVC_SHIP,Shipping Service,P1,RESOLVED,2026-07-12 20:55:28,28.5
PRB_00401,SVC_PAYMENT,Payment Gateway,P4,RESOLVED,2026-06-21 18:31:28,49.6
PRB_00402,SVC_WEB,Web Frontend,P3,RESOLVED,2026-08-09 05:05:04,1.16
PRB_00403,SVC_EMAIL,Email Service,P3,RESOLVED,2026-07-19 16:07:28,21.7
PRB_00404,SVC_SHIP,Shipping Service,P3,RESOLVED,2026-07-30 11:19:28,10.9
PRB_00405,SVC_DB,Core Database Cluster,P2,RESOLVED,2026-08-08 05:19:28,2.15
PRB_00406,SVC_WEB,Web Frontend,P2,OPEN,2026-08-06 15:09:52,3.74
PRB_00407,SVC_WEB,Web Frontend,P4,RESOLVED,2026-08-08 10:21:52,1.94
PRB_00408,SVC_DB,Core Database Cluster,P3,INVESTIGATING,2026-07-14 11:19:28,26.9
PRB_00409,SVC_EMAIL,Email Service,P2,RESOLVED,2026-07-16 16:07:28,24.7
PRB_00410,SVC_ECOM,E-Commerce Platform,P3,RESOLVED,2026-08-07 06:31:28,3.1
PRB_00411,SVC_SHIP,Shipping Service,P2,INVESTIGATING,2026-08-07 16:36:16,2.68
PRB_00412,SVC_SHIP,Shipping Service,P4,RESOLVED,2026-06-30 18:31:28,40.6
PRB_00413,SVC_ECOM,E-Commerce Platform,P3,RESOLVED,2026-05-09 18:31:28,92.6
PRB_00414,SVC_REP,Reporting Service,P3,RESOLVED,2026-05-12 08:55:28,90.0
PRB_00415,SVC_INV,Inventory Service,P4,RESOLVED,2026-08-09 03:24:16,1.23
PRB_00416,SVC_INV,Inventory Service,P3,RESOLVED,2026-04-24 18:31:28,107.6
PRB_00417,SVC_ECOM,E-Commerce Platform,P4,OPEN,2026-08-09 00:02:40,1.37
PRB_00418,SVC_AUTH,Authentication Service,P4,RESOLVED,2026-07-24 20:55:28,16.5
PRB_00419,SVC_PAYMENT,Payment Gateway,P2,RESOLVED,2026-08-01 08:55:28,9.0
PRB_00420,SVC_SHIP,Shipping Service,P3,OPEN,2026-08-03 04:07:28,7.2
PRB_00421,SVC_ORD,Order Management,P2,RESOLVED,2026-06-08 01:43:28,63.3
PRB_00422,SVC_SHIP,Shipping Service,P2,INVESTIGATING,2026-08-07 20:26:40,2.52
PRB_00423,SVC_DB,Core Database Cluster,P2,RESOLVED,2026-08-04 11:48:16,5.88
PRB_00424,SVC_WEB,Web Frontend,P2,RESOLVED,2026-07-18 20:55:28,22.5
PRB_00425,SVC_AUTH,Authentication Service,P3,RESOLVED,2026-07-13 16:07:28,27.7
PRB_00426,SVC_EMAIL,Email Service,P1,INVESTIGATING,2026-08-09 21:09:52,0.49
PRB_00427,SVC_PAYMENT,Payment Gateway,P1,INVESTIGATING,2026-07-24 11:19:28,16.9
PRB_00428,SVC_DB,Core Database Cluster,P3,RESOLVED,2026-07-29 06:31:28,12.1
PRB_00429,SVC_SHIP,Shipping Service,P3,RESOLVED,2026-07-26 06:31:28,15.1
PRB_00430,SVC_EMAIL,Email Service,P2,RESOLVED,2026-08-05 19:00:16,4.58
PRB_00431,SVC_REP,Reporting Service,P3,RESOLVED,2026-06-08 01:43:28,63.3
PRB_00432,SVC_ORD,Order Management,P2,RESOLVED,2026-08-06 14:12:16,3.78
PRB_00433,SVC_DB,Core Database Cluster,P3,RESOLVED,2026-08-01 13:43:28,8.8
PRB_00434,SVC_EMAIL,Email Service,P3,RESOLVED,2026-08-08 04:07:28,2.2
PRB_00435,SVC_WEB,Web Frontend,P2,RESOLVED,2026-06-13 23:19:28,57.4
PRB_00436,SVC_INV,Inventory Service,P3,RESOLVED,2026-07-25 11:19:28,15.9
PRB_00437,SVC_AUTH,Authentication Service,P2,RESOLVED,2026-05-04 20:55:28,97.5
PRB_00438,SVC_REP,Reporting Service,P3,INVESTIGATING,2026-06-25 01:43:28,46.3
PRB_00439,SVC_DB,Core Database Cluster,P1,INVESTIGATING,2026-06-04 13:43:28,66.8
PRB_00440,SVC_AUTH,Authentication Service,P2,OPEN,2026-08-05 19:29:04,4.56
PRB_00441,SVC_REP,Reporting Service,P2,RESOLVED,2026-07-24 23:19:28,16.4
PRB_00442,SVC_DB,Core Database Cluster,P1,RESOLVED,2026-08-09 21:09:52,0.49
PRB_00443,SVC_INV,Inventory Service,P4,INVESTIGATING,2026-08-04 13:57:52,5.79
PRB_00444,SVC_PAYMENT,Payment Gateway,P3,RESOLVED,2026-07-13 23:19:28,27.4
PRB_00445,SVC_ECOM,E-Commerce Platform,P3,RESOLVED,2026-07-16 01:43:28,25.3
PRB_00446,SVC_DB,Core Database Cluster,P2,OPEN,2026-05-18 04:07:28,84.2
PRB_00447,SVC_AUTH,Authentication Service,P3,RESOLVED,2026-08-04 16:07:28,5.7
PRB_00448,SVC_AUTH,Authentication Service,P2,RESOLVED,2026-08-08 22:07:28,1.45
PRB_00449,SVC_AUTH,Authentication Service,P3,RESOLVED,2026-07-08 18:31:28,32.6
PRB_00450,SVC_WEB,Web Frontend,P1,RESOLVED,2026-07-21 04:07:28,20.2
PRB_00451,SVC_ECOM,E-Commerce Platform,P4,RESOLVED,2026-08-09 22:50:40,0.42
PRB_00452,SVC_AUTH,Authentication Service,P3,INVESTIGATING,2026-08-09 12:31:28,0.85
PRB_00453,SVC_ORD,Order Management,P3,INVESTIGATING,2026-07-12 18:31:28,28.6
PRB_00454,SVC_EMAIL,Email Service,P1,RESOLVED,2026-08-08 14:26:40,1.77
PRB_00455,SVC_WEB,Web Frontend,P2,RESOLVED,2026-06-07 04:07:28,64.2
PRB_00456,SVC_AUTH,Authentication Service,P2,INVESTIGATING,2026-05-02 20:55:28,99.5
PRB_00457,SVC_ORD,Order Management,P2,OPEN,2026-08-04 04:21:52,6.19
PRB_00458,SVC_PAYMENT,Payment Gateway,P3,INVESTIGATING,2026-08-09 21:09:52,0.49
PRB_00459,SVC_AUTH,Authentication Service,P3,RESOLVED,2026-07-29 08:55:28,12.0
PRB_00460,SVC_SHIP,Shipping Service,P4,RESOLVED,2026-06-23 06:31:28,48.1
PRB_00461,SVC_DB,Core Database Cluster,P2,RESOLVED,2026-07-31 01:43:28,10.3
PRB_00462,SVC_INV,Inventory Service,P2,RESOLVED,2026-08-04 08:26:40,6.02
PRB_00463,SVC_AUTH,Authentication Service,P4,INVESTIGATING,2026-07-27 06:31:28,14.1
PRB_00464,SVC_ORD,Order Management,P1,RESOLVED,2026-07-08 06:31:28,33.1
PRB_00465,SVC_DB,Core Database Cluster,P3,OPEN,2026-05-03 20:55:28,98.5
PRB_00466,SVC_EMAIL,Email Service,P3,OPEN,2026-07-17 08:55:28,24.0
PRB_00467,SVC_PAYMENT,Payment Gateway,P4,RESOLVED,2026-07-10 01:43:28,31.3
PRB_00468,SVC_INV,Inventory Service,P3,RESOLVED,2026-07-01 20:55:28,39.5
PRB_00469,SVC_ORD,Order Management,P1,RESOLVED,2026-07-04 16:07:28,36.7
PRB_00470,SVC_PAYMENT,Payment Gateway,P2,RESOLVED,2026-07-15 01:43:28,26.3
PRB_00471,SVC_EMAIL,Email Service,P3,RESOLVED,2026-07-04 06:31:28,37.1
PRB_00472,SVC_EMAIL,Email Service,P3,RESOLVED,2026-06-22 01:43:28,49.3
PRB_00473,SVC_SHIP,Shipping Service,P3,RESOLVED,2026-08-02 13:43:28,7.8
PRB_00474,SVC_ORD,Order Management,P3,RESOLVED,2026-06-30 16:07:28,40.7
PRB_00475,SVC_DB,Core Database Cluster,P1,INVESTIGATING,2026-07-01 23:19:28,39.4
PRB_00476,SVC_EMAIL,Email Service,P4,OPEN,2026-08-01 11:19:28,8.9
PRB_00477,SVC_AUTH,Authentication Service,P3,RESOLVED,2026-07-18 16:07:28,22.7
PRB_00478,SVC_EMAIL,Email Service,P3,INVESTIGATING,2026-08-10 05:19:28,0.15
PRB_00479,SVC_ECOM,E-Commerce Platform,P1,RESOLVED,2026-06-02 04:07:28,69.2
PRB_00480,SVC_AUTH,Authentication Service,P3,RESOLVED,2026-08-07 18:45:52,2.59
PRB_00481,SVC_PAYMENT,Payment Gateway,P3,RESOLVED,2026-05-06 01:43:28,96.3
PRB_00482,SVC_WEB,Web Frontend,P2,RESOLVED,2026-08-01 08:55:28,9.0
PRB_00483,SVC_ECOM,E-Commerce Platform,P4,RESOLVED,2026-06-20 01:43:28,51.3
PRB_00484,SVC_ORD,Order Management,P2,RESOLVED,2026-07-14 06:31:28,27.1
PRB_00485,SVC_PAYMENT,Payment Gateway,P3,RESOLVED,2026-06-21 23:19:28,49.4
PRB_00486,SVC_ORD,Order Management,P3,RESOLVED,2026-07-06 23:19:28,34.4
PRB_00487,SVC_AUTH,Authentication Service,P3,RESOLVED,2026-07-14 13:43:28,26.8
PRB_00488,SVC_WEB,Web Frontend,P3,OPEN,2026-08-09 19:57:52,0.54
PRB_00489,SVC_ECOM,E-Commerce Platform,P3,RESOLVED,2026-07-15 18:31:28,25.6
PRB_00490,SVC_DB,Core Database Cluster,P3,RESOLVED,2026-06-28 16:07:28,42.7
PRB_00491,SVC_ORD,Order Management,P2,RESOLVED,2026-08-04 02:26:40,6.27
PRB_00492,SVC_AUTH,Authentication Service,P2,INVESTIGATING,2026-06-26 18:31:28,44.6
PRB_00493,SVC_WEB,Web Frontend,P2,RESOLVED,2026-08-07 04:21:52,3.19
PRB_00494,SVC_EMAIL,Email Service,P2,INVESTIGATING,2026-07-10 23:19:28,30.4
PRB_00495,SVC_EMAIL,Email Service,P2,RESOLVED,2026-08-07 05:48:16,3.13
PRB_00496,SVC_AUTH,Authentication Service,P3,RESOLVED,2026-08-05 18:17:04,4.61
PRB_00497,SVC_EMAIL,Email Service,P2,RESOLVED,2026-05-22 13:43:28,79.8
PRB_00498,SVC_SHIP,Shipping Service,P2,INVESTIGATING,2026-08-04 17:05:04,5.66
PRB_00499,SVC_PAYMENT,Payment Gateway,P4,RESOLVED,2026-07-15 06:31:28,26.1
PRB_00500,SVC_REP,Reporting Service,P3,RESOLVED,2026-05-05 23:19:28,96.4
