problem_id,service_id,status,created_at,resolved_at
PRB_0001,SVC_INV,RESOLVED,2026-07-24 20:44:20,2026-07-30 20:44:20
PRB_0002,SVC_ORD,OPEN,2026-06-24 09:45:27,
PRB_0003,SVC_DB,OPEN,2026-07-01 14:28:39,
PRB_0004,SVC_AUTH,OPEN,2026-06-29 20:11:16,
PRB_0005,SVC_AUTH,OPEN,2026-07-23 02:37:06,
PRB_0006,SVC_NET,OPEN,2026-07-12 23:13:02,
PRB_0007,SVC_PAY,UNDER_INVESTIGATION,2026-07-28 20:46:13,
PRB_0008,SVC_AUTH,OPEN,2026-07-09 15:25:34,
PRB_0009,SVC_ECOM,RESOLVED,2026-07-09 07:25:04,2026-07-16 07:25:04
PRB_0010,SVC_NET,OPEN,2026-06-25 02:59:27,
PRB_0011,SVC_SHIP,RESOLVED,2026-06-28 04:21:54,2026-07-17 04:21:54
PRB_0012,SVC_INV,OPEN,2026-07-14 17:19:15,
PRB_0013,SVC_INV,RESOLVED,2026-07-26 22:11:03,2026-08-06 22:11:03
PRB_0014,SVC_INV,RESOLVED,2026-07-13 15:43:49,2026-07-22 15:43:49
PRB_0015,SVC_ORD,UNDER_INVESTIGATION,2026-08-07 22:51:53,
PRB_0016,SVC_REP,RESOLVED,2026-07-25 14:53:38,2026-08-11 14:53:38
PRB_0017,SVC_REP,RESOLVED,2026-07-13 13:36:58,2026-07-24 13:36:58
PRB_0018,SVC_ORD,RESOLVED,2026-07-21 18:13:55,2026-08-01 18:13:55
PRB_0019,SVC_EMAIL,OPEN,2026-06-25 12:14:15,
PRB_0020,SVC_ECOM,UNDER_INVESTIGATION,2026-08-06 06:52:36,
PRB_0021,SVC_ORD,UNDER_INVESTIGATION,2026-08-08 15:48:36,
PRB_0022,SVC_DB,RESOLVED,2026-06-29 14:25:49,2026-07-16 14:25:49
PRB_0023,SVC_REP,OPEN,2026-08-08 00:06:48,
PRB_0024,SVC_ORD,RESOLVED,2026-06-27 08:58:03,2026-07-06 08:58:03
PRB_0025,SVC_AUTH,RESOLVED,2026-07-14 23:23:49,2026-07-28 23:23:49
PRB_0026,SVC_SHIP,RESOLVED,2026-06-27 00:32:39,2026-06-29 00:32:39
PRB_0027,SVC_SHIP,OPEN,2026-07-07 04:22:29,
PRB_0028,SVC_ORD,OPEN,2026-07-07 18:06:21,
PRB_0029,SVC_PAY,UNDER_INVESTIGATION,2026-06-27 03:02:01,
PRB_0030,SVC_DB,OPEN,2026-07-12 03:58:34,
PRB_0031,SVC_ORD,UNDER_INVESTIGATION,2026-06-28 09:46:50,
PRB_0032,SVC_REP,OPEN,2026-07-08 10:46:54,
PRB_0033,SVC_ORD,UNDER_INVESTIGATION,2026-07-13 08:12:33,
PRB_0034,SVC_REP,OPEN,2026-06-20 00:53:50,
PRB_0035,SVC_REP,RESOLVED,2026-07-09 05:43:19,2026-07-17 05:43:19
PRB_0036,SVC_DB,UNDER_INVESTIGATION,2026-07-12 00:00:22,
PRB_0037,SVC_DB,RESOLVED,2026-07-19 17:18:07,2026-08-03 17:18:07
PRB_0038,SVC_PAY,OPEN,2026-06-27 08:40:40,
PRB_0039,SVC_ORD,OPEN,2026-06-25 21:07:14,
PRB_0040,SVC_NET,OPEN,2026-07-21 12:32:16,
PRB_0041,SVC_ECOM,OPEN,2026-06-22 18:27:30,
PRB_0042,SVC_ORD,OPEN,2026-07-23 06:40:50,
PRB_0043,SVC_ECOM,RESOLVED,2026-07-12 09:48:19,2026-07-21 09:48:19
PRB_0044,SVC_ECOM,UNDER_INVESTIGATION,2026-08-03 21:00:30,
PRB_0045,SVC_PAY,OPEN,2026-08-05 22:22:55,
PRB_0046,SVC_AUTH,OPEN,2026-06-26 03:37:21,
PRB_0047,SVC_ORD,OPEN,2026-07-14 12:45:05,
PRB_0048,SVC_REP,OPEN,2026-08-08 00:44:51,
PRB_0049,SVC_SHIP,RESOLVED,2026-07-26 04:33:16,2026-08-07 04:33:16
PRB_0050,SVC_NET,OPEN,2026-06-25 04:21:28,
PRB_0051,SVC_SHIP,OPEN,2026-06-21 16:43:23,
PRB_0052,SVC_PAY,OPEN,2026-08-04 23:45:10,
PRB_0053,SVC_ORD,RESOLVED,2026-07-09 12:18:51,2026-07-24 12:18:51
PRB_0054,SVC_REP,OPEN,2026-07-22 10:39:00,
PRB_0055,SVC_ORD,OPEN,2026-06-21 12:58:47,
PRB_0056,SVC_INV,RESOLVED,2026-07-27 09:02:13,2026-07-31 09:02:13
PRB_0057,SVC_SHIP,OPEN,2026-07-15 21:43:17,
PRB_0058,SVC_DB,RESOLVED,2026-07-15 06:07:37,2026-07-28 06:07:37
PRB_0059,SVC_ORD,UNDER_INVESTIGATION,2026-07-04 21:42:36,
PRB_0060,SVC_AUTH,RESOLVED,2026-07-25 16:22:02,2026-08-03 16:22:02
PRB_0061,SVC_EMAIL,OPEN,2026-07-08 10:00:55,
PRB_0062,SVC_ORD,UNDER_INVESTIGATION,2026-07-18 22:42:59,
PRB_0063,SVC_ECOM,OPEN,2026-07-12 04:04:04,
PRB_0064,SVC_SHIP,UNDER_INVESTIGATION,2026-07-24 17:06:43,
PRB_0065,SVC_SHIP,OPEN,2026-06-29 02:23:25,
PRB_0066,SVC_NET,OPEN,2026-07-06 17:04:30,
PRB_0067,SVC_AUTH,OPEN,2026-07-16 13:18:17,
PRB_0068,SVC_INV,RESOLVED,2026-07-20 05:40:23,2026-07-31 05:40:23
PRB_0069,SVC_REP,UNDER_INVESTIGATION,2026-06-25 15:22:01,
PRB_0070,SVC_SHIP,UNDER_INVESTIGATION,2026-07-12 05:09:06,
PRB_0071,SVC_ORD,OPEN,2026-07-13 22:44:07,
PRB_0072,SVC_ORD,OPEN,2026-07-10 03:09:47,
PRB_0073,SVC_SHIP,OPEN,2026-07-10 20:48:51,
PRB_0074,SVC_ECOM,RESOLVED,2026-08-07 13:45:46,2026-08-22 13:45:46
PRB_0075,SVC_ORD,OPEN,2026-06-25 18:32:55,
PRB_0076,SVC_AUTH,RESOLVED,2026-08-01 20:05:22,2026-08-21 20:05:22
PRB_0077,SVC_AUTH,RESOLVED,2026-07-17 16:20:43,2026-07-24 16:20:43
PRB_0078,SVC_REP,OPEN,2026-06-23 16:34:28,
PRB_0079,SVC_PAY,RESOLVED,2026-07-05 10:07:15,2026-07-10 10:07:15
PRB_0080,SVC_REP,OPEN,2026-08-04 07:24:31,
PRB_0081,SVC_ECOM,OPEN,2026-07-03 10:10:20,
PRB_0082,SVC_NET,OPEN,2026-07-06 01:34:58,
PRB_0083,SVC_SHIP,RESOLVED,2026-06-24 18:54:20,2026-07-06 18:54:20
PRB_0084,SVC_DB,RESOLVED,2026-07-31 15:43:49,2026-08-11 15:43:49
PRB_0085,SVC_REP,OPEN,2026-07-20 19:22:00,
PRB_0086,SVC_INV,RESOLVED,2026-07-07 06:06:40,2026-07-16 06:06:40
PRB_0087,SVC_ECOM,OPEN,2026-07-16 11:52:28,
PRB_0088,SVC_EMAIL,OPEN,2026-07-15 18:22:23,
PRB_0089,SVC_NET,OPEN,2026-07-25 02:13:00,
PRB_0090,SVC_SHIP,OPEN,2026-07-01 06:58:24,
PRB_0091,SVC_EMAIL,RESOLVED,2026-08-01 08:48:37,2026-08-03 08:48:37
PRB_0092,SVC_AUTH,UNDER_INVESTIGATION,2026-07-31 14:06:58,
PRB_0093,SVC_PAY,RESOLVED,2026-08-09 09:02:36,2026-08-17 09:02:36
PRB_0094,SVC_PAY,UNDER_INVESTIGATION,2026-07-16 02:10:42,
PRB_0095,SVC_ECOM,RESOLVED,2026-07-22 20:14:40,2026-08-11 20:14:40
PRB_0096,SVC_ORD,OPEN,2026-07-30 18:23:59,
PRB_0097,SVC_ECOM,OPEN,2026-06-29 11:37:56,
PRB_0098,SVC_ORD,RESOLVED,2026-06-24 17:07:04,2026-06-29 17:07:04
PRB_0099,SVC_SHIP,OPEN,2026-06-20 08:52:41,
PRB_0100,SVC_INV,OPEN,2026-07-21 01:01:17,
PRB_0101,SVC_SHIP,OPEN,2026-07-12 20:35:43,
PRB_0102,SVC_REP,OPEN,2026-06-29 09:47:57,
PRB_0103,SVC_ORD,RESOLVED,2026-07-12 02:19:53,2026-07-25 02:19:53
PRB_0104,SVC_EMAIL,OPEN,2026-07-25 05:23:27,
PRB_0105,SVC_EMAIL,OPEN,2026-06-20 20:58:12,
PRB_0106,SVC_NET,OPEN,2026-06-22 22:14:47,
PRB_0107,SVC_NET,UNDER_INVESTIGATION,2026-07-08 21:28:36,
PRB_0108,SVC_PAY,OPEN,2026-07-06 21:14:11,
PRB_0109,SVC_DB,OPEN,2026-07-14 04:46:45,
PRB_0110,SVC_AUTH,OPEN,2026-07-26 16:48:31,
PRB_0111,SVC_AUTH,UNDER_INVESTIGATION,2026-07-11 05:54:16,
PRB_0112,SVC_EMAIL,OPEN,2026-07-27 12:32:45,
PRB_0113,SVC_ECOM,RESOLVED,2026-07-18 00:28:01,2026-07-31 00:28:01
PRB_0114,SVC_PAY,UNDER_INVESTIGATION,2026-08-04 07:00:57,
PRB_0115,SVC_ECOM,OPEN,2026-07-27 17:56:45,
PRB_0116,SVC_REP,UNDER_INVESTIGATION,2026-07-10 06:14:54,
PRB_0117,SVC_DB,UNDER_INVESTIGATION,2026-07-24 00:45:23,
PRB_0118,SVC_ORD,RESOLVED,2026-08-07 15:06:31,2026-08-15 15:06:31
PRB_0119,SVC_ECOM,OPEN,2026-07-30 23:39:07,
PRB_0120,SVC_DB,OPEN,2026-07-12 23:55:44,
PRB_0121,SVC_ECOM,OPEN,2026-06-21 20:06:58,
PRB_0122,SVC_ECOM,OPEN,2026-06-20 06:20:57,
PRB_0123,SVC_REP,RESOLVED,2026-06-25 07:58:15,2026-07-07 07:58:15
PRB_0124,SVC_REP,OPEN,2026-08-04 22:15:39,
PRB_0125,SVC_SHIP,OPEN,2026-07-13 20:29:24,
PRB_0126,SVC_ORD,UNDER_INVESTIGATION,2026-06-22 07:19:38,
PRB_0127,SVC_NET,RESOLVED,2026-08-02 04:24:04,2026-08-19 04:24:04
PRB_0128,SVC_ORD,RESOLVED,2026-06-29 04:50:35,2026-07-02 04:50:35
PRB_0129,SVC_ECOM,RESOLVED,2026-06-28 01:21:57,2026-07-12 01:21:57
PRB_0130,SVC_NET,UNDER_INVESTIGATION,2026-07-06 19:20:41,
PRB_0131,SVC_ECOM,OPEN,2026-07-05 16:16:37,
PRB_0132,SVC_PAY,OPEN,2026-08-05 02:23:52,
PRB_0133,SVC_ORD,RESOLVED,2026-06-26 15:30:31,2026-07-15 15:30:31
PRB_0134,SVC_REP,RESOLVED,2026-06-22 00:57:59,2026-07-08 00:57:59
PRB_0135,SVC_ORD,RESOLVED,2026-06-22 08:55:50,2026-06-28 08:55:50
PRB_0136,SVC_PAY,RESOLVED,2026-07-07 02:26:33,2026-07-19 02:26:33
PRB_0137,SVC_PAY,RESOLVED,2026-07-06 03:21:36,2026-07-15 03:21:36
PRB_0138,SVC_NET,OPEN,2026-07-02 06:15:16,
PRB_0139,SVC_PAY,RESOLVED,2026-07-26 05:54:57,2026-08-04 05:54:57
PRB_0140,SVC_PAY,OPEN,2026-07-29 16:31:56,
PRB_0141,SVC_AUTH,RESOLVED,2026-07-30 22:35:31,2026-08-01 22:35:31
PRB_0142,SVC_REP,RESOLVED,2026-06-29 16:54:39,2026-07-19 16:54:39
PRB_0143,SVC_ECOM,OPEN,2026-06-22 13:07:45,
PRB_0144,SVC_ECOM,OPEN,2026-08-05 08:30:07,
PRB_0145,SVC_EMAIL,OPEN,2026-06-26 05:08:42,
PRB_0146,SVC_NET,UNDER_INVESTIGATION,2026-06-28 17:57:21,
PRB_0147,SVC_SHIP,UNDER_INVESTIGATION,2026-07-09 03:00:42,
PRB_0148,SVC_ORD,OPEN,2026-08-02 20:32:41,
PRB_0149,SVC_NET,OPEN,2026-07-13 10:01:23,
PRB_0150,SVC_ECOM,RESOLVED,2026-07-31 17:25:13,2026-08-20 17:25:13
PRB_0151,SVC_DB,OPEN,2026-07-21 06:44:28,
PRB_0152,SVC_DB,OPEN,2026-06-23 15:02:30,
PRB_0153,SVC_ECOM,RESOLVED,2026-07-14 19:13:51,2026-07-23 19:13:51
PRB_0154,SVC_EMAIL,OPEN,2026-07-10 02:08:38,
PRB_0155,SVC_DB,RESOLVED,2026-07-19 10:16:36,2026-07-29 10:16:36
PRB_0156,SVC_PAY,UNDER_INVESTIGATION,2026-07-21 02:42:32,
PRB_0157,SVC_PAY,OPEN,2026-06-23 16:07:52,
PRB_0158,SVC_ORD,UNDER_INVESTIGATION,2026-06-29 17:17:37,
PRB_0159,SVC_ORD,OPEN,2026-07-17 01:46:56,
PRB_0160,SVC_ECOM,UNDER_INVESTIGATION,2026-08-01 08:57:19,
PRB_0161,SVC_EMAIL,OPEN,2026-07-13 12:53:25,
PRB_0162,SVC_AUTH,OPEN,2026-07-03 11:22:03,
PRB_0163,SVC_INV,OPEN,2026-07-07 12:21:08,
PRB_0164,SVC_REP,UNDER_INVESTIGATION,2026-07-03 18:13:44,
PRB_0165,SVC_PAY,OPEN,2026-08-02 00:38:24,
PRB_0166,SVC_DB,OPEN,2026-08-03 20:27:22,
PRB_0167,SVC_PAY,OPEN,2026-07-15 01:45:00,
PRB_0168,SVC_NET,OPEN,2026-06-29 13:22:36,
PRB_0169,SVC_INV,OPEN,2026-07-17 01:03:11,
PRB_0170,SVC_INV,OPEN,2026-07-01 20:20:27,
PRB_0171,SVC_EMAIL,OPEN,2026-07-16 17:31:35,
PRB_0172,SVC_ECOM,UNDER_INVESTIGATION,2026-07-29 22:08:36,
PRB_0173,SVC_EMAIL,RESOLVED,2026-07-18 23:58:22,2026-08-06 23:58:22
PRB_0174,SVC_SHIP,OPEN,2026-07-28 14:13:00,
PRB_0175,SVC_NET,UNDER_INVESTIGATION,2026-07-03 23:01:16,
PRB_0176,SVC_AUTH,OPEN,2026-07-10 12:36:44,
PRB_0177,SVC_REP,OPEN,2026-06-26 15:49:03,
PRB_0178,SVC_PAY,OPEN,2026-06-29 13:45:14,
PRB_0179,SVC_REP,UNDER_INVESTIGATION,2026-06-20 13:16:26,
PRB_0180,SVC_AUTH,UNDER_INVESTIGATION,2026-07-01 12:59:38,
PRB_0181,SVC_INV,OPEN,2026-07-22 16:13:58,
PRB_0182,SVC_ORD,UNDER_INVESTIGATION,2026-07-04 16:06:56,
PRB_0183,SVC_ECOM,OPEN,2026-07-31 22:57:18,
PRB_0184,SVC_DB,OPEN,2026-07-13 10:02:18,
PRB_0185,SVC_DB,OPEN,2026-07-17 07:13:18,
PRB_0186,SVC_EMAIL,UNDER_INVESTIGATION,2026-06-20 05:07:45,
PRB_0187,SVC_REP,RESOLVED,2026-07-16 03:36:57,2026-07-31 03:36:57
PRB_0188,SVC_EMAIL,OPEN,2026-07-11 07:32:12,
PRB_0189,SVC_AUTH,OPEN,2026-07-18 00:09:17,
PRB_0190,SVC_EMAIL,OPEN,2026-07-15 19:05:12,
PRB_0191,SVC_INV,UNDER_INVESTIGATION,2026-07-24 13:43:00,
PRB_0192,SVC_ECOM,UNDER_INVESTIGATION,2026-06-30 07:32:46,
PRB_0193,SVC_SHIP,OPEN,2026-06-21 01:22:37,
PRB_0194,SVC_INV,OPEN,2026-07-22 14:50:15,
PRB_0195,SVC_NET,UNDER_INVESTIGATION,2026-06-21 02:57:15,
PRB_0196,SVC_ORD,OPEN,2026-07-05 03:01:57,
PRB_0197,SVC_REP,UNDER_INVESTIGATION,2026-07-22 05:17:28,
PRB_0198,SVC_ORD,OPEN,2026-07-14 08:36:37,
PRB_0199,SVC_SHIP,OPEN,2026-07-11 17:39:54,
PRB_0200,SVC_SHIP,OPEN,2026-07-08 11:09:09,
PRB_0201,SVC_PAY,OPEN,2026-06-29 05:50:10,
PRB_0202,SVC_SHIP,UNDER_INVESTIGATION,2026-07-23 08:08:44,
PRB_0203,SVC_NET,OPEN,2026-07-04 12:47:14,
PRB_0204,SVC_SHIP,OPEN,2026-07-18 17:07:56,
PRB_0205,SVC_PAY,UNDER_INVESTIGATION,2026-07-13 07:12:31,
PRB_0206,SVC_PAY,OPEN,2026-07-24 22:34:04,
PRB_0207,SVC_REP,RESOLVED,2026-06-25 08:00:10,2026-07-11 08:00:10
PRB_0208,SVC_NET,OPEN,2026-07-03 20:19:42,
PRB_0209,SVC_EMAIL,UNDER_INVESTIGATION,2026-07-16 18:44:08,
PRB_0210,SVC_INV,OPEN,2026-06-24 11:48:30,
PRB_0211,SVC_EMAIL,RESOLVED,2026-07-16 09:40:13,2026-08-04 09:40:13
PRB_0212,SVC_SHIP,OPEN,2026-06-22 08:57:41,
PRB_0213,SVC_DB,OPEN,2026-08-07 12:25:08,
PRB_0214,SVC_SHIP,OPEN,2026-06-22 10:18:59,
PRB_0215,SVC_INV,OPEN,2026-07-07 02:15:44,
PRB_0216,SVC_NET,OPEN,2026-07-22 20:43:28,
PRB_0217,SVC_ECOM,UNDER_INVESTIGATION,2026-07-15 09:08:22,
PRB_0218,SVC_NET,OPEN,2026-07-14 06:28:15,
PRB_0219,SVC_ECOM,UNDER_INVESTIGATION,2026-07-12 08:44:22,
PRB_0220,SVC_EMAIL,RESOLVED,2026-07-11 04:54:03,2026-07-24 04:54:03
PRB_0221,SVC_REP,OPEN,2026-07-07 09:55:20,
PRB_0222,SVC_INV,OPEN,2026-08-09 04:11:22,
PRB_0223,SVC_SHIP,OPEN,2026-07-01 04:22:14,
PRB_0224,SVC_EMAIL,OPEN,2026-07-01 15:08:33,
PRB_0225,SVC_SHIP,OPEN,2026-07-28 13:46:48,
PRB_0226,SVC_INV,OPEN,2026-07-15 10:45:02,
PRB_0227,SVC_INV,OPEN,2026-07-18 06:41:17,
PRB_0228,SVC_INV,OPEN,2026-06-22 11:22:34,
PRB_0229,SVC_NET,OPEN,2026-07-07 06:53:33,
PRB_0230,SVC_ORD,OPEN,2026-07-06 13:44:22,
PRB_0231,SVC_PAY,OPEN,2026-07-24 15:12:06,
PRB_0232,SVC_AUTH,RESOLVED,2026-07-12 01:56:32,2026-07-20 01:56:32
PRB_0233,SVC_NET,OPEN,2026-08-02 04:48:17,
PRB_0234,SVC_EMAIL,RESOLVED,2026-07-10 12:50:52,2026-07-29 12:50:52
PRB_0235,SVC_REP,RESOLVED,2026-06-24 16:54:16,2026-07-06 16:54:16
PRB_0236,SVC_REP,RESOLVED,2026-07-14 02:55:00,2026-07-16 02:55:00
PRB_0237,SVC_INV,OPEN,2026-07-03 12:39:57,
PRB_0238,SVC_ORD,OPEN,2026-07-01 23:05:40,
PRB_0239,SVC_NET,OPEN,2026-07-09 22:08:02,
PRB_0240,SVC_AUTH,OPEN,2026-07-14 04:44:16,
PRB_0241,SVC_SHIP,UNDER_INVESTIGATION,2026-07-13 21:46:22,
PRB_0242,SVC_NET,OPEN,2026-07-12 05:03:40,
PRB_0243,SVC_ECOM,OPEN,2026-07-17 11:29:47,
PRB_0244,SVC_NET,OPEN,2026-07-07 03:45:01,
PRB_0245,SVC_ECOM,RESOLVED,2026-07-31 19:52:29,2026-08-18 19:52:29
PRB_0246,SVC_ORD,OPEN,2026-06-26 20:48:56,
PRB_0247,SVC_ORD,OPEN,2026-07-06 13:10:38,
PRB_0248,SVC_INV,OPEN,2026-08-02 13:25:42,
PRB_0249,SVC_SHIP,RESOLVED,2026-07-16 11:39:14,2026-07-23 11:39:14
PRB_0250,SVC_NET,OPEN,2026-06-30 05:42:06,
PRB_0251,SVC_ECOM,OPEN,2026-06-24 03:23:17,
PRB_0252,SVC_ECOM,RESOLVED,2026-07-21 04:06:31,2026-07-25 04:06:31
PRB_0253,SVC_AUTH,OPEN,2026-07-13 05:56:22,
PRB_0254,SVC_EMAIL,RESOLVED,2026-08-04 01:24:29,2026-08-09 01:24:29
PRB_0255,SVC_DB,UNDER_INVESTIGATION,2026-07-13 10:48:30,
PRB_0256,SVC_DB,UNDER_INVESTIGATION,2026-07-20 06:17:46,
PRB_0257,SVC_DB,OPEN,2026-07-15 10:38:51,
PRB_0258,SVC_INV,OPEN,2026-07-31 07:35:15,
PRB_0259,SVC_INV,OPEN,2026-06-30 14:40:36,
PRB_0260,SVC_DB,RESOLVED,2026-07-04 06:45:17,2026-07-13 06:45:17
PRB_0261,SVC_ORD,OPEN,2026-07-31 15:03:22,
PRB_0262,SVC_PAY,UNDER_INVESTIGATION,2026-06-25 13:29:06,
PRB_0263,SVC_INV,OPEN,2026-07-29 07:35:14,
PRB_0264,SVC_SHIP,UNDER_INVESTIGATION,2026-06-27 20:15:39,
PRB_0265,SVC_DB,UNDER_INVESTIGATION,2026-07-12 04:54:31,
PRB_0266,SVC_AUTH,RESOLVED,2026-06-23 19:30:47,2026-07-01 19:30:47
PRB_0267,SVC_SHIP,OPEN,2026-07-28 02:31:47,
PRB_0268,SVC_SHIP,UNDER_INVESTIGATION,2026-07-19 07:50:15,
PRB_0269,SVC_ORD,OPEN,2026-07-20 15:55:09,
PRB_0270,SVC_EMAIL,OPEN,2026-08-02 00:23:17,
PRB_0271,SVC_AUTH,OPEN,2026-06-28 19:42:49,
PRB_0272,SVC_REP,RESOLVED,2026-08-02 21:43:23,2026-08-06 21:43:23
PRB_0273,SVC_PAY,OPEN,2026-06-21 12:30:44,
PRB_0274,SVC_EMAIL,UNDER_INVESTIGATION,2026-07-17 11:50:06,
PRB_0275,SVC_INV,OPEN,2026-07-29 10:19:30,
PRB_0276,SVC_REP,OPEN,2026-07-09 03:46:27,
PRB_0277,SVC_ECOM,OPEN,2026-07-12 12:54:36,
PRB_0278,SVC_SHIP,RESOLVED,2026-07-10 21:05:04,2026-07-23 21:05:04
PRB_0279,SVC_ECOM,UNDER_INVESTIGATION,2026-07-17 03:16:02,
PRB_0280,SVC_ECOM,OPEN,2026-08-06 09:34:15,
PRB_0281,SVC_SHIP,RESOLVED,2026-07-14 00:27:44,2026-08-01 00:27:44
PRB_0282,SVC_DB,RESOLVED,2026-06-23 15:22:45,2026-07-05 15:22:45
PRB_0283,SVC_ECOM,OPEN,2026-07-31 01:27:52,
PRB_0284,SVC_DB,UNDER_INVESTIGATION,2026-08-05 03:15:17,
PRB_0285,SVC_NET,OPEN,2026-07-04 11:19:35,
PRB_0286,SVC_INV,OPEN,2026-07-13 02:21:32,
PRB_0287,SVC_NET,RESOLVED,2026-07-05 17:38:10,2026-07-23 17:38:10
PRB_0288,SVC_ECOM,OPEN,2026-08-07 01:35:48,
PRB_0289,SVC_NET,OPEN,2026-07-08 17:30:06,
PRB_0290,SVC_SHIP,UNDER_INVESTIGATION,2026-06-27 07:47:36,
PRB_0291,SVC_EMAIL,RESOLVED,2026-07-14 11:57:32,2026-07-23 11:57:32
PRB_0292,SVC_ECOM,RESOLVED,2026-07-12 09:43:53,2026-07-15 09:43:53
PRB_0293,SVC_EMAIL,UNDER_INVESTIGATION,2026-07-21 09:00:01,
PRB_0294,SVC_REP,RESOLVED,2026-07-07 05:26:50,2026-07-27 05:26:50
PRB_0295,SVC_DB,OPEN,2026-07-05 00:55:12,
PRB_0296,SVC_DB,OPEN,2026-06-30 16:42:17,
PRB_0297,SVC_DB,OPEN,2026-07-14 02:04:42,
PRB_0298,SVC_NET,RESOLVED,2026-07-10 04:24:05,2026-07-24 04:24:05
PRB_0299,SVC_ECOM,RESOLVED,2026-06-30 06:36:11,2026-07-07 06:36:11
PRB_0300,SVC_AUTH,OPEN,2026-07-15 14:43:10,
PRB_0301,SVC_ECOM,OPEN,2026-06-25 22:48:04,
PRB_0302,SVC_ORD,OPEN,2026-07-17 07:06:09,
PRB_0303,SVC_EMAIL,OPEN,2026-07-26 19:13:43,
PRB_0304,SVC_INV,UNDER_INVESTIGATION,2026-07-31 04:50:36,
PRB_0305,SVC_ORD,OPEN,2026-07-07 11:06:18,
PRB_0306,SVC_DB,OPEN,2026-07-24 05:29:46,
PRB_0307,SVC_INV,OPEN,2026-07-11 22:12:01,
PRB_0308,SVC_NET,RESOLVED,2026-07-20 14:14:47,2026-07-29 14:14:47
PRB_0309,SVC_DB,OPEN,2026-06-24 12:57:45,
PRB_0310,SVC_AUTH,OPEN,2026-08-05 11:33:42,
PRB_0311,SVC_EMAIL,UNDER_INVESTIGATION,2026-06-24 17:18:49,
PRB_0312,SVC_REP,OPEN,2026-06-22 06:07:31,
PRB_0313,SVC_DB,OPEN,2026-06-22 17:46:38,
PRB_0314,SVC_PAY,RESOLVED,2026-07-16 01:20:02,2026-07-24 01:20:02
PRB_0315,SVC_ORD,OPEN,2026-06-28 19:56:33,
PRB_0316,SVC_DB,RESOLVED,2026-06-30 02:32:17,2026-07-05 02:32:17
PRB_0317,SVC_EMAIL,OPEN,2026-06-28 01:13:32,
PRB_0318,SVC_ORD,OPEN,2026-06-23 17:56:58,
PRB_0319,SVC_INV,OPEN,2026-07-17 13:20:19,
PRB_0320,SVC_INV,RESOLVED,2026-06-23 03:18:36,2026-07-04 03:18:36
PRB_0321,SVC_INV,OPEN,2026-07-20 18:48:39,
PRB_0322,SVC_ORD,UNDER_INVESTIGATION,2026-07-05 16:58:11,
PRB_0323,SVC_INV,UNDER_INVESTIGATION,2026-06-23 00:09:51,
PRB_0324,SVC_REP,RESOLVED,2026-07-12 23:02:36,2026-07-18 23:02:36
PRB_0325,SVC_DB,OPEN,2026-06-24 19:29:40,
PRB_0326,SVC_DB,OPEN,2026-07-01 17:25:05,
PRB_0327,SVC_DB,OPEN,2026-08-03 05:39:15,
PRB_0328,SVC_AUTH,UNDER_INVESTIGATION,2026-08-02 12:00:50,
PRB_0329,SVC_NET,UNDER_INVESTIGATION,2026-08-04 01:16:50,
PRB_0330,SVC_ECOM,OPEN,2026-07-24 08:20:15,
PRB_0331,SVC_EMAIL,RESOLVED,2026-06-26 00:32:44,2026-07-02 00:32:44
PRB_0332,SVC_INV,OPEN,2026-07-02 12:59:22,
PRB_0333,SVC_AUTH,OPEN,2026-07-15 20:35:37,
PRB_0334,SVC_DB,UNDER_INVESTIGATION,2026-07-09 06:02:03,
PRB_0335,SVC_NET,RESOLVED,2026-07-01 14:10:54,2026-07-12 14:10:54
PRB_0336,SVC_NET,OPEN,2026-08-07 01:58:20,
PRB_0337,SVC_NET,UNDER_INVESTIGATION,2026-06-27 01:06:48,
PRB_0338,SVC_SHIP,UNDER_INVESTIGATION,2026-07-20 05:19:47,
PRB_0339,SVC_NET,OPEN,2026-06-30 16:33:32,
PRB_0340,SVC_INV,OPEN,2026-07-28 02:58:54,
PRB_0341,SVC_NET,OPEN,2026-07-13 11:11:04,
PRB_0342,SVC_NET,OPEN,2026-06-24 12:03:13,
PRB_0343,SVC_EMAIL,OPEN,2026-07-16 15:41:12,
PRB_0344,SVC_INV,UNDER_INVESTIGATION,2026-08-09 03:44:29,
PRB_0345,SVC_PAY,UNDER_INVESTIGATION,2026-07-19 23:41:42,
PRB_0346,SVC_INV,UNDER_INVESTIGATION,2026-06-20 10:12:53,
PRB_0347,SVC_INV,OPEN,2026-08-03 18:58:23,
PRB_0348,SVC_PAY,OPEN,2026-08-07 20:07:10,
PRB_0349,SVC_SHIP,RESOLVED,2026-07-17 02:03:58,2026-07-29 02:03:58
PRB_0350,SVC_ORD,OPEN,2026-07-16 23:46:09,
PRB_0351,SVC_EMAIL,OPEN,2026-07-26 11:32:18,
PRB_0352,SVC_NET,UNDER_INVESTIGATION,2026-07-31 12:51:35,
PRB_0353,SVC_INV,OPEN,2026-07-05 01:26:05,
PRB_0354,SVC_AUTH,RESOLVED,2026-07-24 17:09:34,2026-08-09 17:09:34
PRB_0355,SVC_ORD,OPEN,2026-07-30 03:22:37,
PRB_0356,SVC_DB,OPEN,2026-07-06 02:57:57,
PRB_0357,SVC_NET,OPEN,2026-06-26 21:38:36,
PRB_0358,SVC_EMAIL,RESOLVED,2026-07-22 01:25:01,2026-07-26 01:25:01
PRB_0359,SVC_DB,OPEN,2026-07-15 02:05:19,
PRB_0360,SVC_INV,OPEN,2026-08-05 05:45:16,
PRB_0361,SVC_ORD,UNDER_INVESTIGATION,2026-08-05 00:07:23,
PRB_0362,SVC_AUTH,RESOLVED,2026-08-02 10:45:59,2026-08-12 10:45:59
PRB_0363,SVC_ORD,RESOLVED,2026-08-03 12:07:35,2026-08-11 12:07:35
PRB_0364,SVC_SHIP,OPEN,2026-07-17 02:10:55,
PRB_0365,SVC_NET,RESOLVED,2026-07-12 08:31:47,2026-07-21 08:31:47
PRB_0366,SVC_NET,RESOLVED,2026-06-29 04:30:40,2026-07-07 04:30:40
PRB_0367,SVC_DB,UNDER_INVESTIGATION,2026-07-01 22:44:49,
PRB_0368,SVC_ECOM,OPEN,2026-08-05 17:20:01,
PRB_0369,SVC_ECOM,UNDER_INVESTIGATION,2026-07-10 17:55:07,
PRB_0370,SVC_DB,OPEN,2026-06-30 16:20:07,
PRB_0371,SVC_DB,RESOLVED,2026-07-16 14:09:15,2026-07-23 14:09:15
PRB_0372,SVC_SHIP,OPEN,2026-06-27 16:58:12,
PRB_0373,SVC_SHIP,UNDER_INVESTIGATION,2026-06-23 22:43:42,
PRB_0374,SVC_REP,UNDER_INVESTIGATION,2026-07-15 06:37:46,
PRB_0375,SVC_DB,OPEN,2026-06-30 08:29:26,
PRB_0376,SVC_ECOM,UNDER_INVESTIGATION,2026-07-05 15:01:39,
PRB_0377,SVC_PAY,OPEN,2026-08-02 03:57:42,
PRB_0378,SVC_EMAIL,OPEN,2026-07-22 13:01:21,
PRB_0379,SVC_ECOM,OPEN,2026-07-15 16:48:44,
PRB_0380,SVC_EMAIL,OPEN,2026-06-29 02:22:25,
PRB_0381,SVC_DB,RESOLVED,2026-06-24 23:50:01,2026-07-14 23:50:01
PRB_0382,SVC_ECOM,UNDER_INVESTIGATION,2026-07-01 12:39:51,
PRB_0383,SVC_PAY,OPEN,2026-06-24 15:29:01,
PRB_0384,SVC_ECOM,RESOLVED,2026-07-05 22:45:55,2026-07-18 22:45:55
PRB_0385,SVC_PAY,OPEN,2026-07-02 07:15:57,
PRB_0386,SVC_DB,UNDER_INVESTIGATION,2026-07-22 19:29:36,
PRB_0387,SVC_AUTH,RESOLVED,2026-06-26 20:50:14,2026-07-11 20:50:14
PRB_0388,SVC_REP,OPEN,2026-06-24 17:18:58,
PRB_0389,SVC_ECOM,UNDER_INVESTIGATION,2026-06-21 01:06:10,
PRB_0390,SVC_ORD,OPEN,2026-06-23 21:01:55,
PRB_0391,SVC_ORD,OPEN,2026-07-31 05:39:43,
PRB_0392,SVC_REP,OPEN,2026-07-21 00:19:41,
PRB_0393,SVC_INV,OPEN,2026-08-01 06:31:23,
PRB_0394,SVC_AUTH,UNDER_INVESTIGATION,2026-06-23 08:28:47,
PRB_0395,SVC_EMAIL,RESOLVED,2026-07-21 02:47:28,2026-07-29 02:47:28
PRB_0396,SVC_INV,UNDER_INVESTIGATION,2026-07-11 20:04:42,
PRB_0397,SVC_REP,OPEN,2026-07-22 08:42:30,
PRB_0398,SVC_NET,OPEN,2026-07-08 13:37:51,
PRB_0399,SVC_REP,RESOLVED,2026-06-30 12:56:53,2026-07-20 12:56:53
PRB_0400,SVC_REP,RESOLVED,2026-06-25 06:39:06,2026-07-02 06:39:06
PRB_0401,SVC_REP,UNDER_INVESTIGATION,2026-06-24 06:37:36,
PRB_0402,SVC_INV,RESOLVED,2026-07-01 16:55:22,2026-07-21 16:55:22
PRB_0403,SVC_EMAIL,OPEN,2026-07-03 15:35:30,
PRB_0404,SVC_REP,UNDER_INVESTIGATION,2026-07-31 22:44:19,
PRB_0405,SVC_PAY,UNDER_INVESTIGATION,2026-07-03 04:42:11,
PRB_0406,SVC_INV,UNDER_INVESTIGATION,2026-07-31 01:57:06,
PRB_0407,SVC_PAY,OPEN,2026-06-27 19:16:18,
PRB_0408,SVC_SHIP,UNDER_INVESTIGATION,2026-08-05 04:02:05,
PRB_0409,SVC_SHIP,RESOLVED,2026-06-23 18:16:57,2026-06-26 18:16:57
PRB_0410,SVC_REP,OPEN,2026-08-04 03:26:08,
PRB_0411,SVC_REP,RESOLVED,2026-07-14 17:04:34,2026-08-03 17:04:34
PRB_0412,SVC_INV,OPEN,2026-06-24 08:51:02,
PRB_0413,SVC_ORD,RESOLVED,2026-07-27 20:35:50,2026-07-30 20:35:50
PRB_0414,SVC_PAY,RESOLVED,2026-07-26 08:06:27,2026-08-08 08:06:27
PRB_0415,SVC_ORD,UNDER_INVESTIGATION,2026-08-03 18:35:42,
PRB_0416,SVC_PAY,OPEN,2026-06-23 20:59:54,
PRB_0417,SVC_ECOM,OPEN,2026-07-24 07:32:15,
PRB_0418,SVC_AUTH,OPEN,2026-07-12 14:35:24,
PRB_0419,SVC_PAY,OPEN,2026-07-30 07:35:25,
PRB_0420,SVC_NET,RESOLVED,2026-07-11 14:41:18,2026-07-23 14:41:18
PRB_0421,SVC_EMAIL,RESOLVED,2026-06-28 03:58:27,2026-07-15 03:58:27
PRB_0422,SVC_NET,RESOLVED,2026-08-01 00:45:33,2026-08-12 00:45:33
PRB_0423,SVC_NET,OPEN,2026-07-22 00:49:48,
PRB_0424,SVC_ECOM,OPEN,2026-08-01 04:49:40,
PRB_0425,SVC_AUTH,OPEN,2026-06-27 08:32:20,
PRB_0426,SVC_NET,OPEN,2026-07-17 17:37:45,
PRB_0427,SVC_EMAIL,UNDER_INVESTIGATION,2026-07-28 04:32:00,
PRB_0428,SVC_INV,OPEN,2026-07-24 10:59:23,
PRB_0429,SVC_NET,UNDER_INVESTIGATION,2026-06-23 12:28:20,
PRB_0430,SVC_ECOM,UNDER_INVESTIGATION,2026-08-03 23:57:22,
PRB_0431,SVC_PAY,UNDER_INVESTIGATION,2026-06-26 10:51:41,
PRB_0432,SVC_EMAIL,UNDER_INVESTIGATION,2026-08-05 23:44:15,
PRB_0433,SVC_SHIP,UNDER_INVESTIGATION,2026-07-22 09:07:35,
PRB_0434,SVC_PAY,RESOLVED,2026-07-21 00:04:40,2026-07-23 00:04:40
PRB_0435,SVC_DB,RESOLVED,2026-07-23 07:06:58,2026-07-25 07:06:58
PRB_0436,SVC_ORD,OPEN,2026-08-03 14:25:33,
PRB_0437,SVC_AUTH,UNDER_INVESTIGATION,2026-07-14 01:21:15,
PRB_0438,SVC_EMAIL,OPEN,2026-07-30 03:54:10,
PRB_0439,SVC_NET,RESOLVED,2026-07-25 20:37:11,2026-07-28 20:37:11
PRB_0440,SVC_PAY,UNDER_INVESTIGATION,2026-07-10 00:39:21,
PRB_0441,SVC_DB,RESOLVED,2026-07-04 03:56:28,2026-07-21 03:56:28
PRB_0442,SVC_PAY,UNDER_INVESTIGATION,2026-07-23 12:17:15,
PRB_0443,SVC_SHIP,RESOLVED,2026-07-06 03:40:47,2026-07-09 03:40:47
PRB_0444,SVC_INV,UNDER_INVESTIGATION,2026-06-26 10:56:08,
PRB_0445,SVC_PAY,OPEN,2026-07-05 13:11:16,
PRB_0446,SVC_REP,OPEN,2026-07-15 22:20:58,
PRB_0447,SVC_EMAIL,RESOLVED,2026-07-03 14:12:53,2026-07-20 14:12:53
PRB_0448,SVC_EMAIL,UNDER_INVESTIGATION,2026-07-16 10:28:50,
PRB_0449,SVC_DB,UNDER_INVESTIGATION,2026-08-01 13:15:34,
PRB_0450,SVC_EMAIL,OPEN,2026-07-01 23:29:39,
PRB_0451,SVC_DB,OPEN,2026-07-26 20:52:03,
PRB_0452,SVC_DB,RESOLVED,2026-07-30 18:31:55,2026-08-19 18:31:55
PRB_0453,SVC_INV,OPEN,2026-06-23 23:49:42,
PRB_0454,SVC_ORD,OPEN,2026-07-25 20:43:48,
PRB_0455,SVC_SHIP,OPEN,2026-06-24 07:01:28,
PRB_0456,SVC_ORD,RESOLVED,2026-07-02 15:40:58,2026-07-15 15:40:58
PRB_0457,SVC_REP,UNDER_INVESTIGATION,2026-07-29 12:08:43,
PRB_0458,SVC_ECOM,RESOLVED,2026-07-13 15:08:31,2026-08-01 15:08:31
PRB_0459,SVC_EMAIL,RESOLVED,2026-07-02 19:15:23,2026-07-10 19:15:23
PRB_0460,SVC_REP,OPEN,2026-08-07 16:57:41,
PRB_0461,SVC_NET,OPEN,2026-07-02 19:18:45,
PRB_0462,SVC_SHIP,RESOLVED,2026-07-28 21:52:41,2026-08-12 21:52:41
PRB_0463,SVC_REP,OPEN,2026-06-23 02:34:34,
PRB_0464,SVC_NET,OPEN,2026-07-14 07:26:33,
PRB_0465,SVC_DB,UNDER_INVESTIGATION,2026-08-09 05:26:46,
PRB_0466,SVC_SHIP,OPEN,2026-07-25 11:51:33,
PRB_0467,SVC_NET,OPEN,2026-07-11 02:46:38,
PRB_0468,SVC_SHIP,OPEN,2026-08-01 21:22:42,
PRB_0469,SVC_PAY,OPEN,2026-07-18 23:06:41,
PRB_0470,SVC_DB,UNDER_INVESTIGATION,2026-07-21 02:21:09,
PRB_0471,SVC_REP,OPEN,2026-07-14 23:50:00,
PRB_0472,SVC_NET,UNDER_INVESTIGATION,2026-07-15 12:55:18,
PRB_0473,SVC_EMAIL,OPEN,2026-07-28 22:35:42,
PRB_0474,SVC_INV,RESOLVED,2026-06-23 06:53:41,2026-07-02 06:53:41
PRB_0475,SVC_DB,OPEN,2026-07-12 07:22:10,
PRB_0476,SVC_INV,OPEN,2026-07-22 19:22:08,
PRB_0477,SVC_INV,OPEN,2026-07-07 07:22:33,
PRB_0478,SVC_DB,RESOLVED,2026-07-05 14:48:00,2026-07-18 14:48:00
PRB_0479,SVC_INV,OPEN,2026-07-15 11:10:23,
PRB_0480,SVC_DB,UNDER_INVESTIGATION,2026-07-21 01:24:34,
PRB_0481,SVC_ECOM,UNDER_INVESTIGATION,2026-06-26 04:47:43,
PRB_0482,SVC_ORD,OPEN,2026-07-24 10:44:37,
PRB_0483,SVC_AUTH,RESOLVED,2026-07-28 04:45:58,2026-07-30 04:45:58
PRB_0484,SVC_PAY,UNDER_INVESTIGATION,2026-07-29 19:48:05,
PRB_0485,SVC_EMAIL,OPEN,2026-08-01 11:09:20,
PRB_0486,SVC_EMAIL,UNDER_INVESTIGATION,2026-07-23 14:54:43,
PRB_0487,SVC_SHIP,OPEN,2026-07-25 23:21:08,
PRB_0488,SVC_EMAIL,UNDER_INVESTIGATION,2026-08-08 01:24:46,
PRB_0489,SVC_AUTH,OPEN,2026-07-22 07:11:29,
PRB_0490,SVC_INV,RESOLVED,2026-06-21 02:07:03,2026-06-24 02:07:03
PRB_0491,SVC_AUTH,OPEN,2026-07-30 06:45:41,
PRB_0492,SVC_REP,OPEN,2026-07-24 20:11:00,
PRB_0493,SVC_REP,RESOLVED,2026-08-06 10:16:15,2026-08-16 10:16:15
PRB_0494,SVC_NET,UNDER_INVESTIGATION,2026-07-17 17:39:19,
PRB_0495,SVC_SHIP,OPEN,2026-08-04 10:06:02,
PRB_0496,SVC_NET,UNDER_INVESTIGATION,2026-07-07 04:54:42,
PRB_0497,SVC_AUTH,RESOLVED,2026-07-09 08:26:08,2026-07-18 08:26:08
PRB_0498,SVC_ECOM,RESOLVED,2026-07-17 09:52:14,2026-07-27 09:52:14
PRB_0499,SVC_NET,UNDER_INVESTIGATION,2026-07-05 04:36:58,
PRB_0500,SVC_INV,RESOLVED,2026-07-26 01:13:56,2026-08-07 01:13:56
