sla_id,service_id,target_hours,actual_hours,breached
SLA_0001,SVC_ECOM,8.0,10.72,true
SLA_0002,SVC_SHIP,2.0,4.47,true
SLA_0003,SVC_REP,2.0,1.97,false
SLA_0004,SVC_ECOM,8.0,9.41,true
SLA_0005,SVC_EMAIL,2.0,4.42,true
SLA_0006,SVC_NET,4.0,5.31,true
SLA_0007,SVC_DB,4.0,4.63,true
SLA_0008,SVC_SHIP,4.0,6.1,true
SLA_0009,SVC_AUTH,2.0,1.97,false
SLA_0010,SVC_PAY,2.0,4.59,true
SLA_0011,SVC_AUTH,4.0,6.57,true
SLA_0012,SVC_ECOM,2.0,4.32,true
SLA_0013,SVC_ORD,4.0,5.31,true
SLA_0014,SVC_ORD,2.0,3.11,true
SLA_0015,SVC_ECOM,4.0,6.26,true
SLA_0016,SVC_PAY,8.0,10.16,true
SLA_0017,SVC_ECOM,8.0,8.08,true
SLA_0018,SVC_EMAIL,4.0,4.51,true
SLA_0019,SVC_ECOM,8.0,10.86,true
SLA_0020,SVC_ORD,4.0,3.12,false
SLA_0021,SVC_ECOM,8.0,8.52,true
SLA_0022,SVC_NET,2.0,1.73,false
SLA_0023,SVC_AUTH,4.0,6.98,true
SLA_0024,SVC_ORD,2.0,4.3,true
SLA_0025,SVC_NET,4.0,4.21,true
SLA_0026,SVC_ECOM,2.0,4.03,true
SLA_0027,SVC_REP,2.0,2.65,true
SLA_0028,SVC_REP,4.0,5.35,true
SLA_0029,SVC_EMAIL,8.0,9.88,true
SLA_0030,SVC_ECOM,2.0,1.15,false
SLA_0031,SVC_NET,8.0,8.08,true
SLA_0032,SVC_SHIP,2.0,2.3,true
SLA_0033,SVC_AUTH,4.0,6.23,true
SLA_0034,SVC_REP,8.0,8.91,true
SLA_0035,SVC_INV,4.0,3.78,false
SLA_0036,SVC_SHIP,4.0,6.59,true
SLA_0037,SVC_INV,2.0,3.11,true
SLA_0038,SVC_PAY,8.0,8.05,true
SLA_0039,SVC_ECOM,8.0,9.93,true
SLA_0040,SVC_ECOM,2.0,2.9,true
SLA_0041,SVC_SHIP,4.0,4.14,true
SLA_0042,SVC_DB,2.0,2.93,true
SLA_0043,SVC_ECOM,4.0,6.02,true
SLA_0044,SVC_INV,2.0,2.86,true
SLA_0045,SVC_PAY,8.0,7.56,false
SLA_0046,SVC_DB,4.0,4.87,true
SLA_0047,SVC_ORD,8.0,9.14,true
SLA_0048,SVC_DB,2.0,1.79,false
SLA_0049,SVC_SHIP,8.0,7.97,false
SLA_0050,SVC_REP,4.0,4.79,true
SLA_0051,SVC_AUTH,8.0,9.64,true
SLA_0052,SVC_DB,2.0,1.76,false
SLA_0053,SVC_ECOM,8.0,7.45,false
SLA_0054,SVC_ECOM,4.0,4.55,true
SLA_0055,SVC_DB,2.0,4.97,true
SLA_0056,SVC_REP,2.0,2.18,true
SLA_0057,SVC_NET,4.0,4.61,true
SLA_0058,SVC_ECOM,2.0,3.36,true
SLA_0059,SVC_INV,8.0,8.6,true
SLA_0060,SVC_ORD,8.0,10.45,true
SLA_0061,SVC_DB,8.0,10.61,true
SLA_0062,SVC_ECOM,8.0,8.79,true
SLA_0063,SVC_ORD,2.0,3.72,true
SLA_0064,SVC_ECOM,8.0,9.75,true
SLA_0065,SVC_REP,8.0,9.0,true
SLA_0066,SVC_SHIP,4.0,6.11,true
SLA_0067,SVC_SHIP,4.0,6.16,true
SLA_0068,SVC_SHIP,8.0,7.47,false
SLA_0069,SVC_AUTH,8.0,9.25,true
SLA_0070,SVC_EMAIL,4.0,6.77,true
SLA_0071,SVC_NET,4.0,4.51,true
SLA_0072,SVC_ORD,4.0,6.64,true
SLA_0073,SVC_SHIP,8.0,7.32,false
SLA_0074,SVC_PAY,2.0,2.2,true
SLA_0075,SVC_ORD,2.0,2.62,true
SLA_0076,SVC_AUTH,4.0,5.63,true
SLA_0077,SVC_SHIP,4.0,5.86,true
SLA_0078,SVC_NET,2.0,1.03,false
SLA_0079,SVC_NET,8.0,7.03,false
SLA_0080,SVC_NET,4.0,4.4,true
SLA_0081,SVC_AUTH,2.0,2.53,true
SLA_0082,SVC_PAY,2.0,1.03,false
SLA_0083,SVC_SHIP,8.0,9.86,true
SLA_0084,SVC_DB,2.0,1.32,false
SLA_0085,SVC_INV,2.0,2.14,true
SLA_0086,SVC_NET,2.0,3.51,true
SLA_0087,SVC_AUTH,4.0,3.49,false
SLA_0088,SVC_PAY,8.0,7.3,false
SLA_0089,SVC_ECOM,8.0,10.44,true
SLA_0090,SVC_INV,2.0,1.12,false
SLA_0091,SVC_NET,8.0,8.57,true
SLA_0092,SVC_SHIP,4.0,3.93,false
SLA_0093,SVC_REP,8.0,10.98,true
SLA_0094,SVC_ORD,8.0,7.54,false
SLA_0095,SVC_AUTH,4.0,3.22,false
SLA_0096,SVC_REP,8.0,9.22,true
SLA_0097,SVC_AUTH,8.0,7.25,false
SLA_0098,SVC_PAY,8.0,8.07,true
SLA_0099,SVC_PAY,8.0,7.19,false
SLA_0100,SVC_ORD,4.0,5.98,true
SLA_0101,SVC_ECOM,8.0,10.11,true
SLA_0102,SVC_EMAIL,8.0,10.46,true
SLA_0103,SVC_SHIP,2.0,1.82,false
SLA_0104,SVC_PAY,4.0,4.02,true
SLA_0105,SVC_DB,2.0,2.97,true
SLA_0106,SVC_ORD,8.0,10.65,true
SLA_0107,SVC_DB,4.0,4.44,true
SLA_0108,SVC_AUTH,8.0,8.49,true
SLA_0109,SVC_AUTH,8.0,8.98,true
SLA_0110,SVC_INV,8.0,8.95,true
SLA_0111,SVC_ECOM,4.0,5.18,true
SLA_0112,SVC_DB,8.0,8.46,true
SLA_0113,SVC_ECOM,2.0,1.81,false
SLA_0114,SVC_INV,4.0,6.07,true
SLA_0115,SVC_DB,8.0,9.26,true
SLA_0116,SVC_SHIP,4.0,3.66,false
SLA_0117,SVC_ORD,2.0,3.41,true
SLA_0118,SVC_PAY,2.0,4.29,true
SLA_0119,SVC_ORD,8.0,7.83,false
SLA_0120,SVC_EMAIL,2.0,2.49,true
SLA_0121,SVC_NET,2.0,2.55,true
SLA_0122,SVC_PAY,8.0,9.12,true
SLA_0123,SVC_REP,4.0,5.2,true
SLA_0124,SVC_EMAIL,4.0,6.71,true
SLA_0125,SVC_ECOM,4.0,6.06,true
SLA_0126,SVC_NET,4.0,6.08,true
SLA_0127,SVC_EMAIL,4.0,6.83,true
SLA_0128,SVC_DB,4.0,6.81,true
SLA_0129,SVC_INV,2.0,2.8,true
SLA_0130,SVC_EMAIL,2.0,2.77,true
SLA_0131,SVC_REP,2.0,1.97,false
SLA_0132,SVC_DB,4.0,4.48,true
SLA_0133,SVC_EMAIL,8.0,10.6,true
SLA_0134,SVC_DB,8.0,10.38,true
SLA_0135,SVC_DB,8.0,9.5,true
SLA_0136,SVC_EMAIL,4.0,3.64,false
SLA_0137,SVC_NET,8.0,7.18,false
SLA_0138,SVC_NET,2.0,3.16,true
SLA_0139,SVC_INV,4.0,3.8,false
SLA_0140,SVC_AUTH,2.0,2.92,true
SLA_0141,SVC_SHIP,8.0,7.57,false
SLA_0142,SVC_SHIP,8.0,8.61,true
SLA_0143,SVC_REP,4.0,5.98,true
SLA_0144,SVC_REP,2.0,4.37,true
SLA_0145,SVC_NET,4.0,5.72,true
SLA_0146,SVC_AUTH,8.0,9.52,true
SLA_0147,SVC_AUTH,4.0,6.27,true
SLA_0148,SVC_AUTH,2.0,3.67,true
SLA_0149,SVC_SHIP,4.0,6.01,true
SLA_0150,SVC_ORD,4.0,4.21,true
SLA_0151,SVC_NET,2.0,1.98,false
SLA_0152,SVC_ORD,4.0,5.23,true
SLA_0153,SVC_ECOM,2.0,1.89,false
SLA_0154,SVC_REP,4.0,5.49,true
SLA_0155,SVC_DB,2.0,3.12,true
SLA_0156,SVC_EMAIL,2.0,2.34,true
SLA_0157,SVC_EMAIL,4.0,4.23,true
SLA_0158,SVC_EMAIL,2.0,1.68,false
SLA_0159,SVC_ECOM,4.0,3.92,false
SLA_0160,SVC_SHIP,2.0,4.84,true
SLA_0161,SVC_REP,8.0,8.64,true
SLA_0162,SVC_PAY,4.0,3.24,false
SLA_0163,SVC_REP,4.0,3.34,false
SLA_0164,SVC_SHIP,2.0,2.97,true
SLA_0165,SVC_NET,4.0,6.6,true
SLA_0166,SVC_SHIP,4.0,6.96,true
SLA_0167,SVC_ORD,4.0,6.11,true
SLA_0168,SVC_INV,2.0,3.2,true
SLA_0169,SVC_DB,2.0,1.98,false
SLA_0170,SVC_PAY,8.0,8.57,true
SLA_0171,SVC_DB,2.0,2.81,true
SLA_0172,SVC_NET,8.0,10.86,true
SLA_0173,SVC_EMAIL,4.0,5.6,true
SLA_0174,SVC_NET,8.0,9.79,true
SLA_0175,SVC_ECOM,4.0,3.54,false
SLA_0176,SVC_NET,8.0,8.88,true
SLA_0177,SVC_REP,8.0,9.47,true
SLA_0178,SVC_ORD,2.0,4.39,true
SLA_0179,SVC_AUTH,4.0,4.98,true
SLA_0180,SVC_PAY,8.0,10.3,true
SLA_0181,SVC_AUTH,2.0,4.16,true
SLA_0182,SVC_SHIP,4.0,5.76,true
SLA_0183,SVC_AUTH,2.0,2.73,true
SLA_0184,SVC_ORD,4.0,4.61,true
SLA_0185,SVC_REP,4.0,3.1,false
SLA_0186,SVC_ORD,2.0,3.97,true
SLA_0187,SVC_EMAIL,4.0,3.46,false
SLA_0188,SVC_EMAIL,2.0,2.06,true
SLA_0189,SVC_ECOM,4.0,3.09,false
SLA_0190,SVC_PAY,4.0,3.53,false
SLA_0191,SVC_AUTH,8.0,10.57,true
SLA_0192,SVC_DB,4.0,4.91,true
SLA_0193,SVC_AUTH,4.0,3.76,false
SLA_0194,SVC_DB,8.0,7.95,false
SLA_0195,SVC_EMAIL,2.0,1.27,false
SLA_0196,SVC_DB,8.0,7.71,false
SLA_0197,SVC_EMAIL,8.0,9.28,true
SLA_0198,SVC_ORD,2.0,2.1,true
SLA_0199,SVC_AUTH,4.0,5.52,true
SLA_0200,SVC_EMAIL,4.0,4.34,true
SLA_0201,SVC_PAY,8.0,10.94,true
SLA_0202,SVC_REP,2.0,2.55,true
SLA_0203,SVC_SHIP,4.0,5.1,true
SLA_0204,SVC_PAY,8.0,8.93,true
SLA_0205,SVC_ORD,2.0,2.37,true
SLA_0206,SVC_INV,8.0,9.81,true
SLA_0207,SVC_ORD,8.0,9.4,true
SLA_0208,SVC_DB,8.0,7.39,false
SLA_0209,SVC_REP,4.0,6.88,true
SLA_0210,SVC_DB,2.0,4.55,true
SLA_0211,SVC_ECOM,2.0,3.83,true
SLA_0212,SVC_INV,4.0,6.1,true
SLA_0213,SVC_ECOM,2.0,3.06,true
SLA_0214,SVC_ECOM,4.0,4.74,true
SLA_0215,SVC_AUTH,4.0,4.48,true
SLA_0216,SVC_EMAIL,8.0,10.98,true
SLA_0217,SVC_DB,4.0,3.29,false
SLA_0218,SVC_AUTH,8.0,10.69,true
SLA_0219,SVC_EMAIL,2.0,3.91,true
SLA_0220,SVC_INV,4.0,6.6,true
SLA_0221,SVC_PAY,4.0,6.82,true
SLA_0222,SVC_DB,8.0,10.81,true
SLA_0223,SVC_DB,4.0,6.88,true
SLA_0224,SVC_ORD,4.0,4.12,true
SLA_0225,SVC_NET,2.0,3.92,true
SLA_0226,SVC_EMAIL,8.0,7.31,false
SLA_0227,SVC_ECOM,4.0,3.69,false
SLA_0228,SVC_INV,4.0,4.7,true
SLA_0229,SVC_PAY,8.0,8.43,true
SLA_0230,SVC_INV,8.0,9.48,true
SLA_0231,SVC_EMAIL,8.0,7.01,false
SLA_0232,SVC_SHIP,4.0,4.67,true
SLA_0233,SVC_PAY,2.0,4.16,true
SLA_0234,SVC_ECOM,4.0,3.35,false
SLA_0235,SVC_DB,8.0,10.73,true
SLA_0236,SVC_ORD,8.0,7.46,false
SLA_0237,SVC_SHIP,8.0,10.97,true
SLA_0238,SVC_REP,4.0,5.75,true
SLA_0239,SVC_SHIP,2.0,2.14,true
SLA_0240,SVC_EMAIL,8.0,8.74,true
SLA_0241,SVC_NET,2.0,2.71,true
SLA_0242,SVC_SHIP,8.0,10.14,true
SLA_0243,SVC_ORD,2.0,1.94,false
SLA_0244,SVC_ECOM,4.0,6.16,true
SLA_0245,SVC_EMAIL,4.0,6.22,true
SLA_0246,SVC_NET,2.0,4.74,true
SLA_0247,SVC_INV,4.0,3.11,false
SLA_0248,SVC_REP,4.0,6.53,true
SLA_0249,SVC_SHIP,4.0,6.49,true
SLA_0250,SVC_REP,4.0,3.31,false
SLA_0251,SVC_EMAIL,2.0,2.51,true
SLA_0252,SVC_DB,8.0,8.51,true
SLA_0253,SVC_INV,8.0,10.49,true
SLA_0254,SVC_ECOM,2.0,4.78,true
SLA_0255,SVC_NET,4.0,4.17,true
SLA_0256,SVC_DB,4.0,3.44,false
SLA_0257,SVC_INV,8.0,10.42,true
SLA_0258,SVC_ORD,2.0,4.8,true
SLA_0259,SVC_DB,8.0,8.84,true
SLA_0260,SVC_PAY,8.0,10.73,true
SLA_0261,SVC_PAY,8.0,7.7,false
SLA_0262,SVC_ECOM,8.0,7.86,false
SLA_0263,SVC_SHIP,8.0,10.16,true
SLA_0264,SVC_DB,4.0,6.53,true
SLA_0265,SVC_EMAIL,4.0,4.19,true
SLA_0266,SVC_REP,4.0,3.47,false
SLA_0267,SVC_ECOM,4.0,5.39,true
SLA_0268,SVC_DB,4.0,5.02,true
SLA_0269,SVC_REP,4.0,5.35,true
SLA_0270,SVC_INV,8.0,9.36,true
SLA_0271,SVC_REP,2.0,4.13,true
SLA_0272,SVC_PAY,8.0,9.3,true
SLA_0273,SVC_PAY,8.0,9.36,true
SLA_0274,SVC_ORD,2.0,1.39,false
SLA_0275,SVC_REP,8.0,8.95,true
SLA_0276,SVC_REP,8.0,10.82,true
SLA_0277,SVC_NET,2.0,4.54,true
SLA_0278,SVC_EMAIL,4.0,5.35,true
SLA_0279,SVC_EMAIL,8.0,8.29,true
SLA_0280,SVC_EMAIL,4.0,6.03,true
SLA_0281,SVC_EMAIL,4.0,5.11,true
SLA_0282,SVC_INV,2.0,3.16,true
SLA_0283,SVC_NET,8.0,10.35,true
SLA_0284,SVC_EMAIL,4.0,5.32,true
SLA_0285,SVC_ECOM,4.0,3.2,false
SLA_0286,SVC_SHIP,8.0,10.65,true
SLA_0287,SVC_PAY,2.0,3.11,true
SLA_0288,SVC_DB,4.0,4.13,true
SLA_0289,SVC_DB,4.0,5.22,true
SLA_0290,SVC_SHIP,8.0,7.21,false
SLA_0291,SVC_REP,2.0,1.77,false
SLA_0292,SVC_ECOM,2.0,4.43,true
SLA_0293,SVC_SHIP,8.0,8.83,true
SLA_0294,SVC_EMAIL,4.0,4.12,true
SLA_0295,SVC_PAY,4.0,6.99,true
SLA_0296,SVC_ORD,2.0,1.08,false
SLA_0297,SVC_NET,4.0,5.01,true
SLA_0298,SVC_AUTH,8.0,7.48,false
SLA_0299,SVC_INV,2.0,4.18,true
SLA_0300,SVC_AUTH,8.0,10.02,true
SLA_0301,SVC_INV,2.0,4.34,true
SLA_0302,SVC_INV,4.0,4.98,true
SLA_0303,SVC_AUTH,2.0,2.92,true
SLA_0304,SVC_ECOM,2.0,2.96,true
SLA_0305,SVC_PAY,2.0,2.03,true
SLA_0306,SVC_REP,2.0,1.42,false
SLA_0307,SVC_ORD,8.0,7.21,false
SLA_0308,SVC_NET,8.0,9.55,true
SLA_0309,SVC_EMAIL,2.0,4.83,true
SLA_0310,SVC_AUTH,4.0,4.85,true
SLA_0311,SVC_SHIP,4.0,3.57,false
SLA_0312,SVC_INV,8.0,9.92,true
SLA_0313,SVC_SHIP,2.0,4.51,true
SLA_0314,SVC_INV,8.0,9.15,true
SLA_0315,SVC_DB,8.0,10.84,true
SLA_0316,SVC_NET,4.0,3.64,false
SLA_0317,SVC_PAY,8.0,9.97,true
SLA_0318,SVC_AUTH,4.0,4.11,true
SLA_0319,SVC_DB,4.0,5.5,true
SLA_0320,SVC_SHIP,4.0,5.53,true
SLA_0321,SVC_PAY,8.0,10.97,true
SLA_0322,SVC_NET,4.0,4.35,true
SLA_0323,SVC_EMAIL,4.0,3.74,false
SLA_0324,SVC_DB,8.0,8.78,true
SLA_0325,SVC_NET,4.0,6.28,true
SLA_0326,SVC_ECOM,8.0,10.16,true
SLA_0327,SVC_REP,4.0,6.93,true
SLA_0328,SVC_ECOM,8.0,10.64,true
SLA_0329,SVC_ORD,8.0,8.52,true
SLA_0330,SVC_AUTH,8.0,9.77,true
SLA_0331,SVC_ECOM,4.0,4.06,true
SLA_0332,SVC_ECOM,8.0,10.2,true
SLA_0333,SVC_EMAIL,2.0,2.99,true
SLA_0334,SVC_EMAIL,2.0,1.65,false
SLA_0335,SVC_EMAIL,8.0,10.6,true
SLA_0336,SVC_INV,8.0,7.76,false
SLA_0337,SVC_ORD,2.0,3.75,true
SLA_0338,SVC_AUTH,2.0,3.89,true
SLA_0339,SVC_ECOM,8.0,8.02,true
SLA_0340,SVC_PAY,8.0,10.33,true
SLA_0341,SVC_PAY,8.0,8.17,true
SLA_0342,SVC_ORD,4.0,5.48,true
SLA_0343,SVC_DB,4.0,5.16,true
SLA_0344,SVC_ORD,2.0,3.08,true
SLA_0345,SVC_EMAIL,8.0,8.85,true
SLA_0346,SVC_ECOM,4.0,4.06,true
SLA_0347,SVC_SHIP,2.0,2.33,true
SLA_0348,SVC_DB,2.0,1.75,false
SLA_0349,SVC_INV,4.0,3.13,false
SLA_0350,SVC_INV,2.0,3.36,true
SLA_0351,SVC_AUTH,2.0,2.84,true
SLA_0352,SVC_REP,8.0,8.8,true
SLA_0353,SVC_SHIP,4.0,3.08,false
SLA_0354,SVC_EMAIL,4.0,6.55,true
SLA_0355,SVC_AUTH,4.0,3.04,false
SLA_0356,SVC_AUTH,4.0,3.6,false
SLA_0357,SVC_SHIP,8.0,9.77,true
SLA_0358,SVC_DB,2.0,1.63,false
SLA_0359,SVC_SHIP,2.0,4.64,true
SLA_0360,SVC_PAY,8.0,8.71,true
SLA_0361,SVC_SHIP,8.0,8.42,true
SLA_0362,SVC_AUTH,4.0,3.56,false
SLA_0363,SVC_NET,4.0,6.2,true
SLA_0364,SVC_SHIP,8.0,7.52,false
SLA_0365,SVC_AUTH,4.0,3.76,false
SLA_0366,SVC_AUTH,8.0,9.39,true
SLA_0367,SVC_PAY,2.0,3.97,true
SLA_0368,SVC_ECOM,2.0,3.66,true
SLA_0369,SVC_REP,4.0,4.55,true
SLA_0370,SVC_REP,4.0,6.75,true
SLA_0371,SVC_ORD,2.0,2.33,true
SLA_0372,SVC_INV,2.0,1.17,false
SLA_0373,SVC_REP,2.0,1.82,false
SLA_0374,SVC_PAY,2.0,4.04,true
SLA_0375,SVC_ECOM,4.0,6.12,true
SLA_0376,SVC_SHIP,4.0,6.45,true
SLA_0377,SVC_NET,8.0,8.65,true
SLA_0378,SVC_SHIP,4.0,3.72,false
SLA_0379,SVC_ECOM,8.0,10.5,true
SLA_0380,SVC_EMAIL,4.0,6.49,true
SLA_0381,SVC_EMAIL,8.0,8.69,true
SLA_0382,SVC_SHIP,4.0,4.2,true
SLA_0383,SVC_DB,8.0,7.24,false
SLA_0384,SVC_PAY,4.0,5.69,true
SLA_0385,SVC_SHIP,8.0,8.2,true
SLA_0386,SVC_AUTH,8.0,9.34,true
SLA_0387,SVC_REP,8.0,8.2,true
SLA_0388,SVC_PAY,8.0,7.37,false
SLA_0389,SVC_ORD,8.0,7.01,false
SLA_0390,SVC_ORD,4.0,3.59,false
SLA_0391,SVC_SHIP,2.0,1.52,false
SLA_0392,SVC_ECOM,2.0,1.27,false
SLA_0393,SVC_INV,2.0,3.16,true
SLA_0394,SVC_INV,8.0,9.98,true
SLA_0395,SVC_DB,8.0,10.57,true
SLA_0396,SVC_INV,8.0,10.38,true
SLA_0397,SVC_AUTH,8.0,10.26,true
SLA_0398,SVC_REP,8.0,7.24,false
SLA_0399,SVC_EMAIL,8.0,8.17,true
SLA_0400,SVC_PAY,2.0,1.05,false
SLA_0401,SVC_PAY,4.0,4.19,true
SLA_0402,SVC_EMAIL,8.0,8.69,true
SLA_0403,SVC_DB,8.0,8.37,true
SLA_0404,SVC_EMAIL,8.0,10.78,true
SLA_0405,SVC_ECOM,2.0,4.06,true
SLA_0406,SVC_DB,2.0,1.05,false
SLA_0407,SVC_ORD,4.0,3.5,false
SLA_0408,SVC_SHIP,4.0,3.09,false
SLA_0409,SVC_SHIP,8.0,9.85,true
SLA_0410,SVC_ORD,8.0,9.77,true
SLA_0411,SVC_DB,2.0,3.38,true
SLA_0412,SVC_SHIP,8.0,7.39,false
SLA_0413,SVC_REP,2.0,3.9,true
SLA_0414,SVC_ECOM,8.0,10.29,true
SLA_0415,SVC_INV,4.0,6.46,true
SLA_0416,SVC_NET,2.0,3.28,true
SLA_0417,SVC_ECOM,8.0,8.08,true
SLA_0418,SVC_AUTH,4.0,5.74,true
SLA_0419,SVC_PAY,2.0,4.74,true
SLA_0420,SVC_EMAIL,8.0,10.64,true
SLA_0421,SVC_EMAIL,8.0,7.42,false
SLA_0422,SVC_NET,4.0,5.57,true
SLA_0423,SVC_ORD,8.0,8.72,true
SLA_0424,SVC_ORD,8.0,10.67,true
SLA_0425,SVC_DB,2.0,3.46,true
SLA_0426,SVC_PAY,4.0,5.79,true
SLA_0427,SVC_PAY,8.0,9.38,true
SLA_0428,SVC_ECOM,8.0,7.01,false
SLA_0429,SVC_SHIP,8.0,7.17,false
SLA_0430,SVC_PAY,4.0,3.02,false
SLA_0431,SVC_SHIP,4.0,3.59,false
SLA_0432,SVC_ECOM,8.0,9.83,true
SLA_0433,SVC_ECOM,2.0,2.96,true
SLA_0434,SVC_NET,2.0,3.28,true
SLA_0435,SVC_ORD,4.0,6.61,true
SLA_0436,SVC_ECOM,8.0,7.48,false
SLA_0437,SVC_INV,2.0,1.43,false
SLA_0438,SVC_DB,2.0,2.95,true
SLA_0439,SVC_REP,4.0,4.71,true
SLA_0440,SVC_EMAIL,8.0,8.78,true
SLA_0441,SVC_DB,2.0,3.84,true
SLA_0442,SVC_REP,8.0,8.43,true
SLA_0443,SVC_ECOM,4.0,6.11,true
SLA_0444,SVC_EMAIL,4.0,6.18,true
SLA_0445,SVC_PAY,2.0,4.75,true
SLA_0446,SVC_AUTH,4.0,3.75,false
SLA_0447,SVC_DB,2.0,1.06,false
SLA_0448,SVC_DB,8.0,7.97,false
SLA_0449,SVC_PAY,8.0,9.43,true
SLA_0450,SVC_ORD,4.0,3.35,false
SLA_0451,SVC_ECOM,2.0,3.83,true
SLA_0452,SVC_REP,8.0,9.48,true
SLA_0453,SVC_REP,4.0,4.8,true
SLA_0454,SVC_EMAIL,4.0,4.84,true
SLA_0455,SVC_DB,8.0,9.03,true
SLA_0456,SVC_REP,4.0,6.44,true
SLA_0457,SVC_EMAIL,8.0,8.09,true
SLA_0458,SVC_AUTH,4.0,4.18,true
SLA_0459,SVC_ORD,4.0,6.71,true
SLA_0460,SVC_AUTH,8.0,10.36,true
SLA_0461,SVC_ORD,2.0,4.71,true
SLA_0462,SVC_NET,8.0,7.46,false
SLA_0463,SVC_INV,2.0,2.38,true
SLA_0464,SVC_INV,4.0,4.45,true
SLA_0465,SVC_EMAIL,2.0,4.63,true
SLA_0466,SVC_AUTH,2.0,2.23,true
SLA_0467,SVC_NET,4.0,3.18,false
SLA_0468,SVC_ECOM,4.0,6.05,true
SLA_0469,SVC_INV,8.0,9.39,true
SLA_0470,SVC_PAY,4.0,5.68,true
SLA_0471,SVC_NET,4.0,5.13,true
SLA_0472,SVC_NET,8.0,10.82,true
SLA_0473,SVC_DB,2.0,3.36,true
SLA_0474,SVC_REP,8.0,8.7,true
SLA_0475,SVC_ORD,2.0,2.28,true
SLA_0476,SVC_PAY,2.0,2.83,true
SLA_0477,SVC_AUTH,2.0,1.07,false
SLA_0478,SVC_ECOM,4.0,5.81,true
SLA_0479,SVC_ECOM,8.0,7.26,false
SLA_0480,SVC_ECOM,8.0,10.05,true
SLA_0481,SVC_ORD,4.0,5.43,true
SLA_0482,SVC_INV,2.0,3.48,true
SLA_0483,SVC_ECOM,8.0,8.16,true
SLA_0484,SVC_PAY,4.0,4.77,true
SLA_0485,SVC_SHIP,2.0,4.8,true
SLA_0486,SVC_REP,2.0,2.23,true
SLA_0487,SVC_SHIP,2.0,3.0,true
SLA_0488,SVC_NET,2.0,1.64,false
SLA_0489,SVC_SHIP,2.0,4.77,true
SLA_0490,SVC_PAY,8.0,7.44,false
SLA_0491,SVC_ORD,2.0,3.57,true
SLA_0492,SVC_ECOM,8.0,7.0,false
SLA_0493,SVC_AUTH,2.0,4.97,true
SLA_0494,SVC_NET,8.0,8.33,true
SLA_0495,SVC_NET,8.0,10.89,true
SLA_0496,SVC_EMAIL,2.0,2.48,true
SLA_0497,SVC_ORD,8.0,7.71,false
SLA_0498,SVC_ECOM,4.0,6.92,true
SLA_0499,SVC_AUTH,2.0,4.77,true
SLA_0500,SVC_SHIP,2.0,1.33,false
SLA_0501,SVC_PAY,2.0,2.87,true
SLA_0502,SVC_SHIP,2.0,3.49,true
SLA_0503,SVC_ORD,8.0,7.68,false
SLA_0504,SVC_PAY,4.0,4.64,true
SLA_0505,SVC_NET,4.0,5.63,true
SLA_0506,SVC_NET,2.0,3.76,true
SLA_0507,SVC_ECOM,8.0,8.01,true
SLA_0508,SVC_ORD,8.0,10.47,true
SLA_0509,SVC_INV,2.0,4.37,true
SLA_0510,SVC_DB,2.0,4.3,true
SLA_0511,SVC_INV,8.0,8.68,true
SLA_0512,SVC_NET,4.0,4.23,true
SLA_0513,SVC_ECOM,4.0,3.43,false
SLA_0514,SVC_INV,2.0,3.12,true
SLA_0515,SVC_AUTH,8.0,10.51,true
SLA_0516,SVC_ECOM,8.0,7.57,false
SLA_0517,SVC_NET,8.0,9.38,true
SLA_0518,SVC_SHIP,8.0,9.1,true
SLA_0519,SVC_PAY,4.0,3.85,false
SLA_0520,SVC_AUTH,8.0,8.79,true
SLA_0521,SVC_SHIP,4.0,6.09,true
SLA_0522,SVC_SHIP,2.0,2.08,true
SLA_0523,SVC_AUTH,2.0,2.01,true
SLA_0524,SVC_PAY,8.0,10.21,true
SLA_0525,SVC_DB,2.0,4.93,true
SLA_0526,SVC_REP,4.0,4.91,true
SLA_0527,SVC_REP,4.0,5.56,true
SLA_0528,SVC_REP,2.0,3.07,true
SLA_0529,SVC_ECOM,4.0,4.27,true
SLA_0530,SVC_ECOM,2.0,3.47,true
SLA_0531,SVC_ECOM,2.0,2.15,true
SLA_0532,SVC_AUTH,8.0,9.52,true
SLA_0533,SVC_EMAIL,2.0,2.8,true
SLA_0534,SVC_AUTH,2.0,1.33,false
SLA_0535,SVC_REP,4.0,3.66,false
SLA_0536,SVC_NET,4.0,3.21,false
SLA_0537,SVC_ORD,4.0,6.55,true
SLA_0538,SVC_PAY,8.0,8.04,true
SLA_0539,SVC_DB,4.0,4.44,true
SLA_0540,SVC_REP,2.0,1.12,false
SLA_0541,SVC_NET,2.0,3.64,true
SLA_0542,SVC_DB,4.0,4.91,true
SLA_0543,SVC_REP,4.0,4.97,true
SLA_0544,SVC_DB,4.0,4.41,true
SLA_0545,SVC_SHIP,2.0,2.29,true
SLA_0546,SVC_PAY,2.0,4.91,true
SLA_0547,SVC_REP,8.0,9.37,true
SLA_0548,SVC_ECOM,4.0,6.07,true
SLA_0549,SVC_ORD,8.0,10.39,true
SLA_0550,SVC_REP,2.0,3.41,true
SLA_0551,SVC_PAY,2.0,4.43,true
SLA_0552,SVC_ORD,2.0,2.03,true
SLA_0553,SVC_NET,2.0,3.98,true
SLA_0554,SVC_AUTH,2.0,4.75,true
SLA_0555,SVC_EMAIL,8.0,8.84,true
SLA_0556,SVC_REP,2.0,2.56,true
SLA_0557,SVC_PAY,8.0,7.95,false
SLA_0558,SVC_REP,8.0,10.28,true
SLA_0559,SVC_ECOM,8.0,10.57,true
SLA_0560,SVC_ORD,2.0,1.93,false
SLA_0561,SVC_REP,2.0,3.17,true
SLA_0562,SVC_ORD,4.0,5.51,true
SLA_0563,SVC_ECOM,4.0,3.34,false
SLA_0564,SVC_ORD,8.0,10.1,true
SLA_0565,SVC_ECOM,4.0,6.06,true
SLA_0566,SVC_PAY,8.0,10.72,true
SLA_0567,SVC_AUTH,2.0,2.17,true
SLA_0568,SVC_REP,4.0,6.74,true
SLA_0569,SVC_EMAIL,2.0,4.26,true
SLA_0570,SVC_SHIP,8.0,10.24,true
SLA_0571,SVC_NET,2.0,4.86,true
SLA_0572,SVC_ECOM,4.0,6.3,true
SLA_0573,SVC_EMAIL,2.0,2.08,true
SLA_0574,SVC_ECOM,4.0,3.38,false
SLA_0575,SVC_AUTH,2.0,4.35,true
SLA_0576,SVC_AUTH,2.0,3.53,true
SLA_0577,SVC_EMAIL,4.0,6.98,true
SLA_0578,SVC_REP,2.0,4.07,true
SLA_0579,SVC_INV,4.0,4.76,true
SLA_0580,SVC_AUTH,8.0,9.8,true
SLA_0581,SVC_REP,2.0,2.91,true
SLA_0582,SVC_INV,2.0,1.71,false
SLA_0583,SVC_PAY,4.0,6.96,true
SLA_0584,SVC_ORD,2.0,4.91,true
SLA_0585,SVC_EMAIL,2.0,1.34,false
SLA_0586,SVC_SHIP,4.0,4.21,true
SLA_0587,SVC_DB,8.0,9.33,true
SLA_0588,SVC_INV,8.0,9.29,true
SLA_0589,SVC_DB,8.0,8.87,true
SLA_0590,SVC_REP,2.0,2.65,true
SLA_0591,SVC_SHIP,2.0,3.24,true
SLA_0592,SVC_PAY,8.0,8.32,true
SLA_0593,SVC_ORD,8.0,9.86,true
SLA_0594,SVC_PAY,8.0,10.12,true
SLA_0595,SVC_SHIP,4.0,5.41,true
SLA_0596,SVC_EMAIL,2.0,4.37,true
SLA_0597,SVC_SHIP,4.0,6.1,true
SLA_0598,SVC_ORD,4.0,5.99,true
SLA_0599,SVC_PAY,4.0,3.94,false
SLA_0600,SVC_AUTH,4.0,3.15,false
SLA_0601,SVC_REP,8.0,9.01,true
SLA_0602,SVC_EMAIL,2.0,4.99,true
SLA_0603,SVC_ECOM,4.0,5.76,true
SLA_0604,SVC_AUTH,8.0,8.18,true
SLA_0605,SVC_DB,4.0,4.66,true
SLA_0606,SVC_REP,8.0,9.09,true
SLA_0607,SVC_REP,4.0,4.43,true
SLA_0608,SVC_NET,4.0,3.29,false
SLA_0609,SVC_SHIP,2.0,2.93,true
SLA_0610,SVC_INV,2.0,3.14,true
SLA_0611,SVC_ECOM,8.0,10.09,true
SLA_0612,SVC_REP,8.0,7.08,false
SLA_0613,SVC_NET,2.0,2.86,true
SLA_0614,SVC_AUTH,2.0,1.24,false
SLA_0615,SVC_NET,2.0,2.23,true
SLA_0616,SVC_EMAIL,2.0,1.31,false
SLA_0617,SVC_ORD,2.0,3.45,true
SLA_0618,SVC_INV,4.0,6.3,true
SLA_0619,SVC_SHIP,4.0,4.64,true
SLA_0620,SVC_EMAIL,2.0,1.92,false
SLA_0621,SVC_REP,4.0,6.64,true
SLA_0622,SVC_AUTH,4.0,3.76,false
SLA_0623,SVC_REP,4.0,6.58,true
SLA_0624,SVC_ECOM,8.0,7.62,false
SLA_0625,SVC_AUTH,4.0,4.82,true
SLA_0626,SVC_INV,4.0,5.54,true
SLA_0627,SVC_EMAIL,2.0,2.15,true
SLA_0628,SVC_EMAIL,4.0,6.14,true
SLA_0629,SVC_EMAIL,2.0,1.17,false
SLA_0630,SVC_NET,2.0,1.61,false
SLA_0631,SVC_NET,2.0,2.71,true
SLA_0632,SVC_INV,8.0,8.12,true
SLA_0633,SVC_SHIP,8.0,8.9,true
SLA_0634,SVC_AUTH,4.0,6.69,true
SLA_0635,SVC_ORD,2.0,2.53,true
SLA_0636,SVC_NET,8.0,10.84,true
SLA_0637,SVC_DB,4.0,5.95,true
SLA_0638,SVC_ORD,8.0,8.93,true
SLA_0639,SVC_EMAIL,4.0,3.92,false
SLA_0640,SVC_EMAIL,8.0,7.96,false
SLA_0641,SVC_SHIP,4.0,3.37,false
SLA_0642,SVC_INV,2.0,1.25,false
SLA_0643,SVC_DB,2.0,2.6,true
SLA_0644,SVC_NET,8.0,10.6,true
SLA_0645,SVC_ECOM,8.0,7.4,false
SLA_0646,SVC_ECOM,8.0,9.36,true
SLA_0647,SVC_AUTH,4.0,3.16,false
SLA_0648,SVC_AUTH,2.0,2.56,true
SLA_0649,SVC_PAY,2.0,1.26,false
SLA_0650,SVC_ECOM,8.0,9.72,true
SLA_0651,SVC_ECOM,2.0,2.79,true
SLA_0652,SVC_DB,4.0,3.83,false
SLA_0653,SVC_NET,2.0,1.12,false
SLA_0654,SVC_REP,8.0,9.01,true
SLA_0655,SVC_INV,8.0,8.79,true
SLA_0656,SVC_NET,2.0,3.44,true
SLA_0657,SVC_EMAIL,8.0,8.0,true
SLA_0658,SVC_INV,4.0,4.46,true
SLA_0659,SVC_NET,8.0,8.13,true
SLA_0660,SVC_AUTH,4.0,5.59,true
SLA_0661,SVC_PAY,8.0,8.03,true
SLA_0662,SVC_ECOM,4.0,4.24,true
SLA_0663,SVC_ORD,8.0,7.6,false
SLA_0664,SVC_NET,8.0,8.02,true
SLA_0665,SVC_ORD,8.0,7.8,false
SLA_0666,SVC_REP,8.0,9.66,true
SLA_0667,SVC_EMAIL,8.0,7.9,false
SLA_0668,SVC_SHIP,4.0,3.82,false
SLA_0669,SVC_AUTH,4.0,6.87,true
SLA_0670,SVC_REP,8.0,10.3,true
SLA_0671,SVC_ECOM,2.0,1.33,false
SLA_0672,SVC_SHIP,4.0,5.29,true
SLA_0673,SVC_EMAIL,8.0,10.23,true
SLA_0674,SVC_SHIP,2.0,2.54,true
SLA_0675,SVC_DB,2.0,3.67,true
SLA_0676,SVC_INV,8.0,10.51,true
SLA_0677,SVC_REP,2.0,2.52,true
SLA_0678,SVC_REP,2.0,3.33,true
SLA_0679,SVC_DB,8.0,10.38,true
SLA_0680,SVC_EMAIL,2.0,2.64,true
SLA_0681,SVC_ECOM,8.0,9.88,true
SLA_0682,SVC_ECOM,8.0,8.17,true
SLA_0683,SVC_ECOM,2.0,4.56,true
SLA_0684,SVC_SHIP,4.0,3.02,false
SLA_0685,SVC_PAY,8.0,10.12,true
SLA_0686,SVC_PAY,2.0,2.34,true
SLA_0687,SVC_AUTH,8.0,10.24,true
SLA_0688,SVC_PAY,8.0,10.39,true
SLA_0689,SVC_ORD,2.0,3.4,true
SLA_0690,SVC_NET,2.0,3.18,true
SLA_0691,SVC_ORD,4.0,3.5,false
SLA_0692,SVC_EMAIL,2.0,1.74,false
SLA_0693,SVC_EMAIL,2.0,4.32,true
SLA_0694,SVC_DB,8.0,7.95,false
SLA_0695,SVC_EMAIL,4.0,3.22,false
SLA_0696,SVC_AUTH,8.0,7.94,false
SLA_0697,SVC_AUTH,8.0,8.47,true
SLA_0698,SVC_ORD,8.0,8.32,true
SLA_0699,SVC_EMAIL,2.0,3.36,true
SLA_0700,SVC_ORD,4.0,6.69,true
SLA_0701,SVC_ECOM,2.0,4.0,true
SLA_0702,SVC_SHIP,2.0,1.55,false
SLA_0703,SVC_PAY,8.0,10.59,true
SLA_0704,SVC_NET,8.0,9.12,true
SLA_0705,SVC_DB,4.0,3.71,false
SLA_0706,SVC_PAY,2.0,1.34,false
SLA_0707,SVC_ORD,2.0,4.1,true
SLA_0708,SVC_INV,4.0,6.32,true
SLA_0709,SVC_NET,2.0,2.58,true
SLA_0710,SVC_NET,2.0,3.11,true
SLA_0711,SVC_NET,8.0,8.05,true
SLA_0712,SVC_SHIP,4.0,5.86,true
SLA_0713,SVC_ECOM,8.0,7.03,false
SLA_0714,SVC_DB,4.0,5.36,true
SLA_0715,SVC_NET,8.0,7.04,false
SLA_0716,SVC_ECOM,8.0,8.14,true
SLA_0717,SVC_REP,8.0,7.11,false
SLA_0718,SVC_ORD,8.0,8.39,true
SLA_0719,SVC_ECOM,2.0,3.03,true
SLA_0720,SVC_NET,2.0,3.37,true
SLA_0721,SVC_NET,2.0,2.56,true
SLA_0722,SVC_ORD,2.0,2.84,true
SLA_0723,SVC_NET,4.0,5.51,true
SLA_0724,SVC_EMAIL,4.0,5.24,true
SLA_0725,SVC_DB,4.0,4.56,true
SLA_0726,SVC_INV,4.0,4.42,true
SLA_0727,SVC_ORD,8.0,10.92,true
SLA_0728,SVC_AUTH,4.0,5.44,true
SLA_0729,SVC_EMAIL,4.0,4.32,true
SLA_0730,SVC_INV,8.0,10.62,true
SLA_0731,SVC_PAY,8.0,7.27,false
SLA_0732,SVC_DB,8.0,9.48,true
SLA_0733,SVC_REP,8.0,9.32,true
SLA_0734,SVC_ORD,8.0,7.15,false
SLA_0735,SVC_DB,8.0,10.18,true
SLA_0736,SVC_INV,2.0,3.0,true
SLA_0737,SVC_ECOM,4.0,6.87,true
SLA_0738,SVC_EMAIL,4.0,4.74,true
SLA_0739,SVC_INV,8.0,10.89,true
SLA_0740,SVC_NET,8.0,10.68,true
SLA_0741,SVC_DB,4.0,5.7,true
SLA_0742,SVC_PAY,4.0,6.09,true
SLA_0743,SVC_REP,4.0,3.96,false
SLA_0744,SVC_PAY,8.0,7.56,false
SLA_0745,SVC_PAY,4.0,6.0,true
SLA_0746,SVC_NET,8.0,10.6,true
SLA_0747,SVC_REP,8.0,9.16,true
SLA_0748,SVC_PAY,8.0,10.33,true
SLA_0749,SVC_ORD,4.0,5.62,true
SLA_0750,SVC_DB,8.0,10.42,true
SLA_0751,SVC_ORD,2.0,3.6,true
SLA_0752,SVC_ECOM,8.0,10.43,true
SLA_0753,SVC_NET,2.0,4.17,true
SLA_0754,SVC_AUTH,2.0,2.1,true
SLA_0755,SVC_INV,2.0,2.56,true
SLA_0756,SVC_REP,2.0,1.81,false
SLA_0757,SVC_EMAIL,8.0,10.98,true
SLA_0758,SVC_ECOM,4.0,4.79,true
SLA_0759,SVC_NET,8.0,8.38,true
SLA_0760,SVC_SHIP,2.0,4.79,true
SLA_0761,SVC_SHIP,4.0,3.24,false
SLA_0762,SVC_REP,2.0,3.52,true
SLA_0763,SVC_AUTH,2.0,2.22,true
SLA_0764,SVC_PAY,2.0,4.13,true
SLA_0765,SVC_ORD,4.0,4.63,true
SLA_0766,SVC_EMAIL,8.0,8.89,true
SLA_0767,SVC_NET,8.0,10.72,true
SLA_0768,SVC_EMAIL,2.0,3.96,true
SLA_0769,SVC_SHIP,8.0,7.28,false
SLA_0770,SVC_PAY,2.0,2.41,true
SLA_0771,SVC_ORD,8.0,7.01,false
SLA_0772,SVC_PAY,2.0,2.67,true
SLA_0773,SVC_EMAIL,2.0,1.79,false
SLA_0774,SVC_SHIP,2.0,4.75,true
SLA_0775,SVC_INV,2.0,1.86,false
SLA_0776,SVC_PAY,4.0,4.54,true
SLA_0777,SVC_NET,8.0,9.48,true
SLA_0778,SVC_NET,8.0,8.63,true
SLA_0779,SVC_SHIP,4.0,4.94,true
SLA_0780,SVC_AUTH,2.0,3.56,true
SLA_0781,SVC_ORD,8.0,7.06,false
SLA_0782,SVC_REP,2.0,4.7,true
SLA_0783,SVC_ORD,2.0,4.26,true
SLA_0784,SVC_ORD,8.0,10.17,true
SLA_0785,SVC_REP,8.0,9.52,true
SLA_0786,SVC_PAY,2.0,3.54,true
SLA_0787,SVC_REP,8.0,7.44,false
SLA_0788,SVC_INV,4.0,4.31,true
SLA_0789,SVC_INV,4.0,3.68,false
SLA_0790,SVC_AUTH,2.0,3.8,true
SLA_0791,SVC_INV,2.0,1.28,false
SLA_0792,SVC_SHIP,2.0,3.22,true
SLA_0793,SVC_NET,4.0,3.6,false
SLA_0794,SVC_PAY,2.0,1.81,false
SLA_0795,SVC_PAY,8.0,9.08,true
SLA_0796,SVC_ORD,2.0,4.88,true
SLA_0797,SVC_NET,4.0,6.66,true
SLA_0798,SVC_INV,8.0,10.41,true
SLA_0799,SVC_PAY,8.0,8.61,true
SLA_0800,SVC_NET,2.0,1.23,false
SLA_0801,SVC_ORD,2.0,3.25,true
SLA_0802,SVC_AUTH,2.0,3.21,true
SLA_0803,SVC_NET,8.0,8.52,true
SLA_0804,SVC_PAY,2.0,3.28,true
SLA_0805,SVC_PAY,4.0,5.51,true
SLA_0806,SVC_REP,8.0,10.57,true
SLA_0807,SVC_NET,8.0,10.42,true
SLA_0808,SVC_EMAIL,2.0,1.77,false
SLA_0809,SVC_AUTH,4.0,6.23,true
SLA_0810,SVC_SHIP,2.0,1.18,false
SLA_0811,SVC_DB,2.0,1.91,false
SLA_0812,SVC_ORD,8.0,10.32,true
SLA_0813,SVC_PAY,8.0,8.17,true
SLA_0814,SVC_AUTH,2.0,2.41,true
SLA_0815,SVC_ECOM,2.0,4.51,true
SLA_0816,SVC_DB,4.0,5.33,true
SLA_0817,SVC_PAY,8.0,9.18,true
SLA_0818,SVC_DB,8.0,7.88,false
SLA_0819,SVC_AUTH,8.0,8.81,true
SLA_0820,SVC_REP,8.0,9.1,true
SLA_0821,SVC_PAY,8.0,7.9,false
SLA_0822,SVC_DB,4.0,6.24,true
SLA_0823,SVC_ORD,8.0,7.79,false
SLA_0824,SVC_EMAIL,4.0,5.41,true
SLA_0825,SVC_EMAIL,2.0,3.32,true
SLA_0826,SVC_ECOM,4.0,6.61,true
SLA_0827,SVC_ORD,2.0,4.92,true
SLA_0828,SVC_DB,8.0,7.98,false
SLA_0829,SVC_NET,2.0,4.06,true
SLA_0830,SVC_EMAIL,8.0,9.59,true
SLA_0831,SVC_AUTH,4.0,5.56,true
SLA_0832,SVC_SHIP,8.0,7.42,false
SLA_0833,SVC_ORD,2.0,2.24,true
SLA_0834,SVC_SHIP,8.0,8.36,true
SLA_0835,SVC_EMAIL,2.0,2.68,true
SLA_0836,SVC_ORD,2.0,2.49,true
SLA_0837,SVC_NET,8.0,9.42,true
SLA_0838,SVC_DB,4.0,6.68,true
SLA_0839,SVC_NET,4.0,3.43,false
SLA_0840,SVC_NET,2.0,4.5,true
SLA_0841,SVC_NET,8.0,10.93,true
SLA_0842,SVC_INV,8.0,8.89,true
SLA_0843,SVC_ORD,8.0,8.19,true
SLA_0844,SVC_DB,2.0,2.79,true
SLA_0845,SVC_AUTH,8.0,9.5,true
SLA_0846,SVC_INV,4.0,6.0,true
SLA_0847,SVC_NET,2.0,2.6,true
SLA_0848,SVC_NET,2.0,3.69,true
SLA_0849,SVC_PAY,2.0,4.19,true
SLA_0850,SVC_DB,8.0,9.29,true
SLA_0851,SVC_PAY,8.0,10.19,true
SLA_0852,SVC_NET,2.0,1.21,false
SLA_0853,SVC_PAY,8.0,8.8,true
SLA_0854,SVC_DB,2.0,2.93,true
SLA_0855,SVC_ECOM,4.0,3.07,false
SLA_0856,SVC_INV,8.0,8.98,true
SLA_0857,SVC_EMAIL,8.0,10.77,true
SLA_0858,SVC_EMAIL,8.0,10.32,true
SLA_0859,SVC_REP,8.0,8.72,true
SLA_0860,SVC_PAY,8.0,10.81,true
SLA_0861,SVC_DB,2.0,4.52,true
SLA_0862,SVC_DB,2.0,4.66,true
SLA_0863,SVC_ORD,4.0,3.3,false
SLA_0864,SVC_AUTH,4.0,3.43,false
SLA_0865,SVC_AUTH,8.0,9.44,true
SLA_0866,SVC_ORD,4.0,5.15,true
SLA_0867,SVC_REP,4.0,3.59,false
SLA_0868,SVC_EMAIL,4.0,6.95,true
SLA_0869,SVC_PAY,8.0,9.26,true
SLA_0870,SVC_ORD,8.0,7.13,false
SLA_0871,SVC_EMAIL,4.0,3.49,false
SLA_0872,SVC_REP,4.0,4.9,true
SLA_0873,SVC_INV,2.0,4.79,true
SLA_0874,SVC_SHIP,4.0,6.0,true
SLA_0875,SVC_NET,2.0,4.52,true
SLA_0876,SVC_AUTH,4.0,6.71,true
SLA_0877,SVC_DB,2.0,2.84,true
SLA_0878,SVC_PAY,4.0,6.7,true
SLA_0879,SVC_SHIP,2.0,1.59,false
SLA_0880,SVC_ECOM,4.0,3.68,false
SLA_0881,SVC_ECOM,8.0,7.2,false
SLA_0882,SVC_EMAIL,4.0,6.43,true
SLA_0883,SVC_ECOM,2.0,2.63,true
SLA_0884,SVC_SHIP,2.0,1.5,false
SLA_0885,SVC_PAY,8.0,10.07,true
SLA_0886,SVC_ORD,2.0,4.22,true
SLA_0887,SVC_EMAIL,4.0,6.05,true
SLA_0888,SVC_DB,4.0,6.67,true
SLA_0889,SVC_REP,4.0,3.38,false
SLA_0890,SVC_SHIP,8.0,10.87,true
SLA_0891,SVC_INV,4.0,3.3,false
SLA_0892,SVC_REP,2.0,3.88,true
SLA_0893,SVC_INV,4.0,3.28,false
SLA_0894,SVC_INV,8.0,9.39,true
SLA_0895,SVC_AUTH,4.0,5.7,true
SLA_0896,SVC_DB,4.0,6.84,true
SLA_0897,SVC_DB,8.0,7.58,false
SLA_0898,SVC_EMAIL,2.0,2.28,true
SLA_0899,SVC_ORD,8.0,10.11,true
SLA_0900,SVC_REP,8.0,10.91,true
SLA_0901,SVC_EMAIL,8.0,9.64,true
SLA_0902,SVC_ORD,8.0,9.3,true
SLA_0903,SVC_AUTH,4.0,4.85,true
SLA_0904,SVC_DB,4.0,3.44,false
SLA_0905,SVC_ORD,8.0,10.01,true
SLA_0906,SVC_SHIP,2.0,1.11,false
SLA_0907,SVC_EMAIL,2.0,1.81,false
SLA_0908,SVC_NET,8.0,7.16,false
SLA_0909,SVC_DB,2.0,1.9,false
SLA_0910,SVC_EMAIL,2.0,2.57,true
SLA_0911,SVC_DB,8.0,7.72,false
SLA_0912,SVC_NET,2.0,2.29,true
SLA_0913,SVC_EMAIL,4.0,4.26,true
SLA_0914,SVC_INV,4.0,4.26,true
SLA_0915,SVC_ECOM,8.0,8.46,true
SLA_0916,SVC_PAY,8.0,9.09,true
SLA_0917,SVC_REP,8.0,9.29,true
SLA_0918,SVC_ORD,2.0,4.95,true
SLA_0919,SVC_PAY,2.0,1.31,false
SLA_0920,SVC_ECOM,8.0,7.94,false
SLA_0921,SVC_ECOM,2.0,3.9,true
SLA_0922,SVC_ORD,4.0,5.09,true
SLA_0923,SVC_AUTH,2.0,3.62,true
SLA_0924,SVC_PAY,2.0,3.25,true
SLA_0925,SVC_REP,8.0,7.34,false
SLA_0926,SVC_INV,4.0,6.12,true
SLA_0927,SVC_SHIP,8.0,7.15,false
SLA_0928,SVC_EMAIL,4.0,3.57,false
SLA_0929,SVC_ORD,2.0,2.74,true
SLA_0930,SVC_SHIP,8.0,10.94,true
SLA_0931,SVC_EMAIL,8.0,10.14,true
SLA_0932,SVC_AUTH,2.0,3.23,true
SLA_0933,SVC_PAY,4.0,6.41,true
SLA_0934,SVC_DB,8.0,8.78,true
SLA_0935,SVC_EMAIL,8.0,7.61,false
SLA_0936,SVC_ECOM,4.0,3.28,false
SLA_0937,SVC_INV,8.0,7.32,false
SLA_0938,SVC_ECOM,4.0,6.75,true
SLA_0939,SVC_ECOM,4.0,6.88,true
SLA_0940,SVC_NET,4.0,5.3,true
SLA_0941,SVC_EMAIL,8.0,8.14,true
SLA_0942,SVC_NET,2.0,4.45,true
SLA_0943,SVC_EMAIL,4.0,6.7,true
SLA_0944,SVC_DB,8.0,9.95,true
SLA_0945,SVC_DB,4.0,3.47,false
SLA_0946,SVC_PAY,8.0,10.02,true
SLA_0947,SVC_PAY,4.0,5.14,true
SLA_0948,SVC_EMAIL,2.0,3.95,true
SLA_0949,SVC_DB,4.0,3.67,false
SLA_0950,SVC_PAY,4.0,6.09,true
SLA_0951,SVC_DB,2.0,4.77,true
SLA_0952,SVC_INV,4.0,4.16,true
SLA_0953,SVC_AUTH,2.0,2.67,true
SLA_0954,SVC_PAY,4.0,4.3,true
SLA_0955,SVC_EMAIL,8.0,10.66,true
SLA_0956,SVC_ECOM,8.0,9.48,true
SLA_0957,SVC_SHIP,8.0,9.4,true
SLA_0958,SVC_NET,2.0,4.75,true
SLA_0959,SVC_INV,8.0,7.86,false
SLA_0960,SVC_INV,2.0,4.02,true
SLA_0961,SVC_PAY,8.0,8.78,true
SLA_0962,SVC_DB,8.0,8.59,true
SLA_0963,SVC_PAY,2.0,2.42,true
SLA_0964,SVC_INV,2.0,2.09,true
SLA_0965,SVC_AUTH,4.0,4.72,true
SLA_0966,SVC_ECOM,4.0,6.09,true
SLA_0967,SVC_ECOM,8.0,9.42,true
SLA_0968,SVC_REP,2.0,3.21,true
SLA_0969,SVC_AUTH,4.0,6.87,true
SLA_0970,SVC_ECOM,2.0,2.41,true
SLA_0971,SVC_NET,2.0,2.38,true
SLA_0972,SVC_DB,2.0,2.66,true
SLA_0973,SVC_ECOM,4.0,6.97,true
SLA_0974,SVC_REP,4.0,5.55,true
SLA_0975,SVC_AUTH,8.0,9.86,true
SLA_0976,SVC_PAY,4.0,6.53,true
SLA_0977,SVC_EMAIL,2.0,1.41,false
SLA_0978,SVC_EMAIL,4.0,3.46,false
SLA_0979,SVC_INV,2.0,1.4,false
SLA_0980,SVC_PAY,8.0,8.97,true
SLA_0981,SVC_INV,8.0,9.24,true
SLA_0982,SVC_PAY,4.0,4.79,true
SLA_0983,SVC_EMAIL,8.0,10.56,true
SLA_0984,SVC_SHIP,2.0,3.25,true
SLA_0985,SVC_ECOM,2.0,4.87,true
SLA_0986,SVC_REP,4.0,6.14,true
SLA_0987,SVC_SHIP,4.0,3.45,false
SLA_0988,SVC_REP,8.0,10.77,true
SLA_0989,SVC_REP,8.0,10.64,true
SLA_0990,SVC_DB,2.0,1.25,false
SLA_0991,SVC_PAY,8.0,7.17,false
SLA_0992,SVC_NET,2.0,4.33,true
SLA_0993,SVC_PAY,4.0,4.15,true
SLA_0994,SVC_REP,8.0,8.44,true
SLA_0995,SVC_AUTH,4.0,5.75,true
SLA_0996,SVC_DB,2.0,1.98,false
SLA_0997,SVC_NET,2.0,4.25,true
SLA_0998,SVC_EMAIL,8.0,8.99,true
SLA_0999,SVC_AUTH,8.0,8.68,true
SLA_1000,SVC_ECOM,4.0,6.66,true
SLA_1001,SVC_PAY,2.0,1.66,false
SLA_1002,SVC_INV,4.0,3.25,false
SLA_1003,SVC_DB,2.0,4.95,true
SLA_1004,SVC_DB,4.0,6.28,true
SLA_1005,SVC_PAY,8.0,10.43,true
SLA_1006,SVC_DB,2.0,2.72,true
SLA_1007,SVC_EMAIL,8.0,8.85,true
SLA_1008,SVC_REP,8.0,10.24,true
SLA_1009,SVC_INV,2.0,4.15,true
SLA_1010,SVC_AUTH,4.0,3.93,false
SLA_1011,SVC_EMAIL,8.0,9.01,true
SLA_1012,SVC_ECOM,2.0,2.09,true
SLA_1013,SVC_INV,8.0,8.97,true
SLA_1014,SVC_AUTH,8.0,9.08,true
SLA_1015,SVC_ORD,8.0,10.24,true
SLA_1016,SVC_NET,4.0,4.25,true
SLA_1017,SVC_NET,8.0,9.8,true
SLA_1018,SVC_ECOM,2.0,2.1,true
SLA_1019,SVC_DB,4.0,4.35,true
SLA_1020,SVC_AUTH,8.0,8.75,true
SLA_1021,SVC_ECOM,2.0,4.66,true
SLA_1022,SVC_DB,8.0,10.06,true
SLA_1023,SVC_ECOM,2.0,1.25,false
SLA_1024,SVC_DB,2.0,2.82,true
SLA_1025,SVC_PAY,8.0,7.35,false
SLA_1026,SVC_ECOM,8.0,10.09,true
SLA_1027,SVC_DB,2.0,1.78,false
SLA_1028,SVC_SHIP,8.0,10.25,true
SLA_1029,SVC_EMAIL,2.0,2.09,true
SLA_1030,SVC_ECOM,4.0,5.66,true
SLA_1031,SVC_PAY,8.0,7.11,false
SLA_1032,SVC_SHIP,4.0,5.5,true
SLA_1033,SVC_EMAIL,8.0,10.83,true
SLA_1034,SVC_AUTH,2.0,3.41,true
SLA_1035,SVC_PAY,4.0,3.58,false
SLA_1036,SVC_PAY,4.0,6.17,true
SLA_1037,SVC_NET,2.0,2.7,true
SLA_1038,SVC_PAY,4.0,4.95,true
SLA_1039,SVC_AUTH,2.0,2.29,true
SLA_1040,SVC_ORD,4.0,5.78,true
SLA_1041,SVC_PAY,2.0,2.86,true
SLA_1042,SVC_PAY,8.0,8.73,true
SLA_1043,SVC_DB,4.0,3.24,false
SLA_1044,SVC_PAY,4.0,4.48,true
SLA_1045,SVC_AUTH,4.0,6.27,true
SLA_1046,SVC_AUTH,2.0,2.6,true
SLA_1047,SVC_ECOM,8.0,7.76,false
SLA_1048,SVC_REP,2.0,4.42,true
SLA_1049,SVC_EMAIL,2.0,4.0,true
SLA_1050,SVC_NET,8.0,7.67,false
SLA_1051,SVC_NET,4.0,6.92,true
SLA_1052,SVC_REP,4.0,3.48,false
SLA_1053,SVC_SHIP,2.0,1.85,false
SLA_1054,SVC_PAY,8.0,9.15,true
SLA_1055,SVC_ECOM,4.0,4.1,true
SLA_1056,SVC_ORD,2.0,2.85,true
SLA_1057,SVC_REP,4.0,6.7,true
SLA_1058,SVC_SHIP,8.0,9.74,true
SLA_1059,SVC_AUTH,4.0,6.52,true
SLA_1060,SVC_PAY,2.0,4.52,true
SLA_1061,SVC_SHIP,8.0,7.4,false
SLA_1062,SVC_PAY,2.0,2.21,true
SLA_1063,SVC_ORD,2.0,1.4,false
SLA_1064,SVC_PAY,4.0,4.69,true
SLA_1065,SVC_REP,2.0,3.06,true
SLA_1066,SVC_PAY,8.0,10.25,true
SLA_1067,SVC_EMAIL,8.0,10.99,true
SLA_1068,SVC_REP,8.0,10.22,true
SLA_1069,SVC_ECOM,2.0,3.98,true
SLA_1070,SVC_DB,2.0,1.54,false
SLA_1071,SVC_ORD,8.0,9.12,true
SLA_1072,SVC_ORD,8.0,10.12,true
SLA_1073,SVC_SHIP,4.0,4.18,true
SLA_1074,SVC_ORD,2.0,3.77,true
SLA_1075,SVC_ORD,4.0,6.23,true
SLA_1076,SVC_PAY,2.0,4.24,true
SLA_1077,SVC_ECOM,2.0,1.88,false
SLA_1078,SVC_AUTH,2.0,1.09,false
SLA_1079,SVC_DB,2.0,3.85,true
SLA_1080,SVC_PAY,4.0,3.5,false
SLA_1081,SVC_INV,8.0,7.31,false
SLA_1082,SVC_DB,8.0,9.32,true
SLA_1083,SVC_DB,8.0,7.8,false
SLA_1084,SVC_REP,4.0,3.28,false
SLA_1085,SVC_PAY,8.0,8.29,true
SLA_1086,SVC_INV,4.0,4.79,true
SLA_1087,SVC_REP,8.0,10.05,true
SLA_1088,SVC_EMAIL,4.0,6.69,true
SLA_1089,SVC_NET,2.0,3.07,true
SLA_1090,SVC_ECOM,8.0,9.16,true
SLA_1091,SVC_SHIP,2.0,4.08,true
SLA_1092,SVC_EMAIL,8.0,9.55,true
SLA_1093,SVC_PAY,8.0,9.49,true
SLA_1094,SVC_SHIP,8.0,10.1,true
SLA_1095,SVC_ORD,2.0,2.69,true
SLA_1096,SVC_DB,8.0,7.4,false
SLA_1097,SVC_REP,8.0,8.76,true
SLA_1098,SVC_INV,2.0,2.63,true
SLA_1099,SVC_AUTH,4.0,5.3,true
SLA_1100,SVC_EMAIL,8.0,7.51,false
SLA_1101,SVC_AUTH,8.0,9.79,true
SLA_1102,SVC_NET,8.0,10.22,true
SLA_1103,SVC_AUTH,4.0,5.97,true
SLA_1104,SVC_SHIP,2.0,2.89,true
SLA_1105,SVC_REP,4.0,3.43,false
SLA_1106,SVC_EMAIL,4.0,6.41,true
SLA_1107,SVC_NET,4.0,6.32,true
SLA_1108,SVC_ORD,2.0,4.48,true
SLA_1109,SVC_AUTH,4.0,6.48,true
SLA_1110,SVC_PAY,4.0,6.35,true
SLA_1111,SVC_SHIP,2.0,1.28,false
SLA_1112,SVC_PAY,8.0,8.53,true
SLA_1113,SVC_SHIP,8.0,9.18,true
SLA_1114,SVC_NET,4.0,4.53,true
SLA_1115,SVC_NET,8.0,10.24,true
SLA_1116,SVC_SHIP,4.0,4.52,true
SLA_1117,SVC_EMAIL,8.0,10.9,true
SLA_1118,SVC_AUTH,2.0,1.58,false
SLA_1119,SVC_NET,8.0,10.75,true
SLA_1120,SVC_PAY,8.0,9.87,true
SLA_1121,SVC_REP,2.0,2.29,true
SLA_1122,SVC_NET,2.0,1.29,false
SLA_1123,SVC_REP,8.0,7.14,false
SLA_1124,SVC_ECOM,2.0,3.94,true
SLA_1125,SVC_INV,2.0,1.13,false
SLA_1126,SVC_NET,2.0,1.95,false
SLA_1127,SVC_INV,4.0,5.27,true
SLA_1128,SVC_ECOM,2.0,1.99,false
SLA_1129,SVC_EMAIL,2.0,1.65,false
SLA_1130,SVC_ORD,4.0,6.72,true
SLA_1131,SVC_ORD,2.0,4.04,true
SLA_1132,SVC_REP,8.0,10.91,true
SLA_1133,SVC_PAY,2.0,2.63,true
SLA_1134,SVC_NET,4.0,5.63,true
SLA_1135,SVC_INV,8.0,9.44,true
SLA_1136,SVC_EMAIL,8.0,7.96,false
SLA_1137,SVC_ECOM,2.0,4.9,true
SLA_1138,SVC_ECOM,4.0,4.52,true
SLA_1139,SVC_AUTH,8.0,7.61,false
SLA_1140,SVC_ECOM,4.0,3.43,false
SLA_1141,SVC_REP,8.0,7.37,false
SLA_1142,SVC_INV,2.0,3.13,true
SLA_1143,SVC_REP,2.0,4.2,true
SLA_1144,SVC_PAY,2.0,2.39,true
SLA_1145,SVC_AUTH,2.0,4.2,true
SLA_1146,SVC_DB,8.0,7.59,false
SLA_1147,SVC_AUTH,8.0,9.4,true
SLA_1148,SVC_ECOM,8.0,10.55,true
SLA_1149,SVC_NET,2.0,2.37,true
SLA_1150,SVC_PAY,2.0,2.78,true
SLA_1151,SVC_REP,4.0,5.61,true
SLA_1152,SVC_INV,2.0,1.25,false
SLA_1153,SVC_PAY,2.0,1.18,false
SLA_1154,SVC_SHIP,2.0,4.59,true
SLA_1155,SVC_AUTH,4.0,4.59,true
SLA_1156,SVC_REP,8.0,10.41,true
SLA_1157,SVC_AUTH,2.0,2.35,true
SLA_1158,SVC_PAY,8.0,7.63,false
SLA_1159,SVC_REP,2.0,1.69,false
SLA_1160,SVC_REP,2.0,1.69,false
SLA_1161,SVC_ECOM,2.0,3.49,true
SLA_1162,SVC_ECOM,2.0,3.19,true
SLA_1163,SVC_ECOM,4.0,4.06,true
SLA_1164,SVC_REP,2.0,4.14,true
SLA_1165,SVC_INV,4.0,5.06,true
SLA_1166,SVC_ORD,2.0,3.18,true
SLA_1167,SVC_SHIP,4.0,5.76,true
SLA_1168,SVC_EMAIL,8.0,7.09,false
SLA_1169,SVC_PAY,4.0,6.57,true
SLA_1170,SVC_AUTH,8.0,7.83,false
SLA_1171,SVC_DB,2.0,2.62,true
SLA_1172,SVC_EMAIL,8.0,9.35,true
SLA_1173,SVC_AUTH,4.0,4.69,true
SLA_1174,SVC_DB,8.0,7.76,false
SLA_1175,SVC_ECOM,4.0,5.1,true
SLA_1176,SVC_NET,2.0,2.78,true
SLA_1177,SVC_EMAIL,2.0,2.25,true
SLA_1178,SVC_NET,4.0,4.72,true
SLA_1179,SVC_EMAIL,2.0,4.5,true
SLA_1180,SVC_DB,8.0,10.54,true
SLA_1181,SVC_ORD,2.0,4.28,true
SLA_1182,SVC_DB,8.0,7.5,false
SLA_1183,SVC_NET,4.0,3.09,false
SLA_1184,SVC_ECOM,2.0,4.81,true
SLA_1185,SVC_SHIP,2.0,3.47,true
SLA_1186,SVC_SHIP,8.0,7.95,false
SLA_1187,SVC_PAY,2.0,2.35,true
SLA_1188,SVC_SHIP,2.0,1.24,false
SLA_1189,SVC_INV,8.0,8.1,true
SLA_1190,SVC_DB,4.0,4.76,true
SLA_1191,SVC_REP,2.0,1.78,false
SLA_1192,SVC_AUTH,2.0,1.91,false
SLA_1193,SVC_INV,4.0,3.68,false
SLA_1194,SVC_ECOM,8.0,10.03,true
SLA_1195,SVC_ECOM,8.0,8.25,true
SLA_1196,SVC_DB,4.0,5.48,true
SLA_1197,SVC_PAY,2.0,1.84,false
SLA_1198,SVC_PAY,4.0,5.03,true
SLA_1199,SVC_REP,4.0,3.55,false
SLA_1200,SVC_SHIP,8.0,9.21,true
SLA_1201,SVC_INV,4.0,3.73,false
SLA_1202,SVC_EMAIL,8.0,7.11,false
SLA_1203,SVC_NET,4.0,6.05,true
SLA_1204,SVC_INV,2.0,3.01,true
SLA_1205,SVC_NET,4.0,4.06,true
SLA_1206,SVC_ECOM,2.0,4.24,true
SLA_1207,SVC_EMAIL,4.0,6.64,true
SLA_1208,SVC_ORD,2.0,1.14,false
SLA_1209,SVC_PAY,4.0,6.74,true
SLA_1210,SVC_DB,8.0,7.89,false
SLA_1211,SVC_SHIP,2.0,1.27,false
SLA_1212,SVC_INV,8.0,9.96,true
SLA_1213,SVC_DB,2.0,4.64,true
SLA_1214,SVC_AUTH,2.0,3.25,true
SLA_1215,SVC_NET,2.0,3.29,true
SLA_1216,SVC_PAY,4.0,5.92,true
SLA_1217,SVC_ECOM,8.0,9.7,true
SLA_1218,SVC_NET,8.0,9.88,true
SLA_1219,SVC_SHIP,8.0,8.86,true
SLA_1220,SVC_DB,4.0,6.5,true
SLA_1221,SVC_AUTH,4.0,3.22,false
SLA_1222,SVC_REP,4.0,5.33,true
SLA_1223,SVC_ORD,2.0,3.8,true
SLA_1224,SVC_ECOM,4.0,6.72,true
SLA_1225,SVC_SHIP,2.0,4.18,true
SLA_1226,SVC_ORD,8.0,9.38,true
SLA_1227,SVC_NET,8.0,10.55,true
SLA_1228,SVC_REP,8.0,8.13,true
SLA_1229,SVC_NET,8.0,8.97,true
SLA_1230,SVC_REP,8.0,7.79,false
SLA_1231,SVC_DB,8.0,7.35,false
SLA_1232,SVC_SHIP,8.0,8.13,true
SLA_1233,SVC_REP,4.0,6.78,true
SLA_1234,SVC_DB,4.0,6.35,true
SLA_1235,SVC_SHIP,8.0,9.46,true
SLA_1236,SVC_ORD,4.0,6.86,true
SLA_1237,SVC_PAY,8.0,7.33,false
SLA_1238,SVC_NET,2.0,2.36,true
SLA_1239,SVC_DB,4.0,6.64,true
SLA_1240,SVC_NET,2.0,1.99,false
SLA_1241,SVC_AUTH,8.0,9.88,true
SLA_1242,SVC_ECOM,2.0,1.6,false
SLA_1243,SVC_ORD,4.0,3.03,false
SLA_1244,SVC_AUTH,4.0,4.76,true
SLA_1245,SVC_EMAIL,2.0,3.06,true
SLA_1246,SVC_INV,8.0,9.79,true
SLA_1247,SVC_SHIP,2.0,3.16,true
SLA_1248,SVC_AUTH,2.0,2.99,true
SLA_1249,SVC_DB,2.0,3.09,true
SLA_1250,SVC_INV,4.0,4.2,true
SLA_1251,SVC_REP,4.0,4.52,true
SLA_1252,SVC_INV,2.0,2.86,true
SLA_1253,SVC_REP,4.0,6.02,true
SLA_1254,SVC_ORD,8.0,9.72,true
SLA_1255,SVC_INV,2.0,1.65,false
SLA_1256,SVC_EMAIL,8.0,10.46,true
SLA_1257,SVC_PAY,4.0,5.86,true
SLA_1258,SVC_REP,8.0,9.63,true
SLA_1259,SVC_REP,8.0,10.58,true
SLA_1260,SVC_ORD,8.0,10.17,true
SLA_1261,SVC_DB,8.0,10.02,true
SLA_1262,SVC_ORD,2.0,2.46,true
SLA_1263,SVC_NET,2.0,1.74,false
SLA_1264,SVC_ORD,8.0,8.8,true
SLA_1265,SVC_DB,4.0,5.3,true
SLA_1266,SVC_NET,8.0,7.29,false
SLA_1267,SVC_EMAIL,2.0,3.29,true
SLA_1268,SVC_INV,8.0,7.32,false
SLA_1269,SVC_PAY,2.0,2.15,true
SLA_1270,SVC_SHIP,2.0,4.68,true
SLA_1271,SVC_INV,4.0,6.62,true
SLA_1272,SVC_ECOM,4.0,3.91,false
SLA_1273,SVC_ORD,2.0,1.71,false
SLA_1274,SVC_AUTH,2.0,1.69,false
SLA_1275,SVC_PAY,2.0,2.11,true
SLA_1276,SVC_SHIP,4.0,4.78,true
SLA_1277,SVC_DB,4.0,4.17,true
SLA_1278,SVC_SHIP,8.0,10.67,true
SLA_1279,SVC_ECOM,8.0,10.86,true
SLA_1280,SVC_DB,2.0,4.9,true
SLA_1281,SVC_ORD,2.0,2.29,true
SLA_1282,SVC_INV,8.0,10.71,true
SLA_1283,SVC_ECOM,2.0,3.56,true
SLA_1284,SVC_SHIP,2.0,3.32,true
SLA_1285,SVC_EMAIL,2.0,2.41,true
SLA_1286,SVC_ORD,2.0,4.74,true
SLA_1287,SVC_ECOM,4.0,6.1,true
SLA_1288,SVC_AUTH,8.0,9.86,true
SLA_1289,SVC_ORD,4.0,6.17,true
SLA_1290,SVC_SHIP,8.0,10.79,true
SLA_1291,SVC_REP,2.0,3.96,true
SLA_1292,SVC_NET,8.0,7.92,false
SLA_1293,SVC_ECOM,2.0,4.21,true
SLA_1294,SVC_REP,8.0,7.98,false
SLA_1295,SVC_SHIP,2.0,1.29,false
SLA_1296,SVC_ECOM,8.0,8.96,true
SLA_1297,SVC_REP,8.0,9.12,true
SLA_1298,SVC_SHIP,8.0,9.59,true
SLA_1299,SVC_ECOM,4.0,6.11,true
SLA_1300,SVC_SHIP,2.0,1.67,false
SLA_1301,SVC_DB,2.0,2.0,false
SLA_1302,SVC_AUTH,2.0,3.46,true
SLA_1303,SVC_REP,8.0,8.4,true
SLA_1304,SVC_ORD,4.0,6.66,true
SLA_1305,SVC_ORD,4.0,4.33,true
SLA_1306,SVC_ECOM,4.0,5.38,true
SLA_1307,SVC_INV,2.0,2.18,true
SLA_1308,SVC_SHIP,4.0,3.17,false
SLA_1309,SVC_REP,8.0,9.41,true
SLA_1310,SVC_INV,2.0,1.38,false
SLA_1311,SVC_ORD,8.0,7.42,false
SLA_1312,SVC_DB,2.0,3.65,true
SLA_1313,SVC_SHIP,4.0,6.46,true
SLA_1314,SVC_NET,8.0,10.43,true
SLA_1315,SVC_PAY,8.0,8.21,true
SLA_1316,SVC_ECOM,8.0,9.27,true
SLA_1317,SVC_NET,8.0,10.55,true
SLA_1318,SVC_PAY,4.0,3.29,false
SLA_1319,SVC_REP,2.0,1.35,false
SLA_1320,SVC_AUTH,2.0,4.53,true
SLA_1321,SVC_PAY,4.0,3.71,false
SLA_1322,SVC_NET,2.0,1.39,false
SLA_1323,SVC_EMAIL,4.0,5.24,true
SLA_1324,SVC_EMAIL,8.0,10.79,true
SLA_1325,SVC_INV,4.0,3.18,false
SLA_1326,SVC_REP,2.0,4.97,true
SLA_1327,SVC_DB,2.0,3.53,true
SLA_1328,SVC_AUTH,2.0,4.49,true
SLA_1329,SVC_PAY,4.0,3.62,false
SLA_1330,SVC_ECOM,4.0,3.4,false
SLA_1331,SVC_REP,8.0,9.8,true
SLA_1332,SVC_SHIP,2.0,1.82,false
SLA_1333,SVC_INV,4.0,4.0,true
SLA_1334,SVC_NET,8.0,7.76,false
SLA_1335,SVC_AUTH,2.0,1.34,false
SLA_1336,SVC_ORD,8.0,10.89,true
SLA_1337,SVC_NET,8.0,8.68,true
SLA_1338,SVC_ECOM,4.0,5.41,true
SLA_1339,SVC_PAY,4.0,3.86,false
SLA_1340,SVC_REP,4.0,4.97,true
SLA_1341,SVC_REP,2.0,3.51,true
SLA_1342,SVC_SHIP,4.0,5.28,true
SLA_1343,SVC_AUTH,4.0,3.88,false
SLA_1344,SVC_AUTH,8.0,10.28,true
SLA_1345,SVC_INV,8.0,10.68,true
SLA_1346,SVC_PAY,4.0,3.24,false
SLA_1347,SVC_AUTH,2.0,1.76,false
SLA_1348,SVC_EMAIL,4.0,4.68,true
SLA_1349,SVC_PAY,4.0,5.46,true
SLA_1350,SVC_DB,4.0,4.15,true
SLA_1351,SVC_DB,4.0,5.24,true
SLA_1352,SVC_PAY,8.0,7.24,false
SLA_1353,SVC_NET,8.0,10.31,true
SLA_1354,SVC_AUTH,4.0,4.56,true
SLA_1355,SVC_SHIP,2.0,1.34,false
SLA_1356,SVC_DB,2.0,2.94,true
SLA_1357,SVC_SHIP,4.0,4.86,true
SLA_1358,SVC_EMAIL,8.0,9.42,true
SLA_1359,SVC_INV,8.0,8.47,true
SLA_1360,SVC_NET,8.0,8.72,true
SLA_1361,SVC_NET,2.0,3.95,true
SLA_1362,SVC_REP,2.0,4.96,true
SLA_1363,SVC_ECOM,4.0,3.04,false
SLA_1364,SVC_SHIP,2.0,3.5,true
SLA_1365,SVC_DB,2.0,3.84,true
SLA_1366,SVC_PAY,4.0,3.01,false
SLA_1367,SVC_ORD,2.0,2.6,true
SLA_1368,SVC_ECOM,8.0,8.94,true
SLA_1369,SVC_ORD,8.0,8.75,true
SLA_1370,SVC_SHIP,8.0,7.94,false
SLA_1371,SVC_PAY,4.0,5.76,true
SLA_1372,SVC_ORD,4.0,6.63,true
SLA_1373,SVC_INV,4.0,3.03,false
SLA_1374,SVC_DB,2.0,4.44,true
SLA_1375,SVC_DB,4.0,6.54,true
SLA_1376,SVC_ORD,4.0,5.92,true
SLA_1377,SVC_REP,4.0,5.62,true
SLA_1378,SVC_DB,8.0,8.01,true
SLA_1379,SVC_ECOM,8.0,9.54,true
SLA_1380,SVC_AUTH,8.0,8.28,true
SLA_1381,SVC_SHIP,8.0,7.57,false
SLA_1382,SVC_NET,4.0,3.07,false
SLA_1383,SVC_SHIP,4.0,3.02,false
SLA_1384,SVC_NET,4.0,4.14,true
SLA_1385,SVC_ECOM,4.0,6.38,true
SLA_1386,SVC_DB,4.0,6.46,true
SLA_1387,SVC_REP,2.0,4.58,true
SLA_1388,SVC_AUTH,4.0,5.16,true
SLA_1389,SVC_EMAIL,8.0,8.88,true
SLA_1390,SVC_AUTH,8.0,7.57,false
SLA_1391,SVC_REP,8.0,8.36,true
SLA_1392,SVC_ORD,4.0,5.6,true
SLA_1393,SVC_NET,8.0,7.1,false
SLA_1394,SVC_PAY,2.0,2.18,true
SLA_1395,SVC_AUTH,4.0,6.65,true
SLA_1396,SVC_INV,4.0,3.76,false
SLA_1397,SVC_SHIP,4.0,6.06,true
SLA_1398,SVC_ORD,8.0,7.36,false
SLA_1399,SVC_SHIP,2.0,1.51,false
SLA_1400,SVC_INV,8.0,8.5,true
SLA_1401,SVC_NET,2.0,3.87,true
SLA_1402,SVC_REP,2.0,4.25,true
SLA_1403,SVC_EMAIL,2.0,2.13,true
SLA_1404,SVC_ORD,2.0,4.13,true
SLA_1405,SVC_REP,8.0,8.2,true
SLA_1406,SVC_ECOM,2.0,4.86,true
SLA_1407,SVC_INV,2.0,3.88,true
SLA_1408,SVC_NET,2.0,2.59,true
SLA_1409,SVC_AUTH,8.0,8.81,true
SLA_1410,SVC_AUTH,4.0,5.93,true
SLA_1411,SVC_REP,4.0,4.27,true
SLA_1412,SVC_ECOM,8.0,7.65,false
SLA_1413,SVC_SHIP,4.0,6.58,true
SLA_1414,SVC_ORD,8.0,10.18,true
SLA_1415,SVC_AUTH,2.0,4.28,true
SLA_1416,SVC_ECOM,2.0,3.07,true
SLA_1417,SVC_PAY,8.0,8.42,true
SLA_1418,SVC_NET,8.0,9.48,true
SLA_1419,SVC_INV,8.0,9.85,true
SLA_1420,SVC_INV,8.0,7.56,false
SLA_1421,SVC_SHIP,4.0,5.26,true
SLA_1422,SVC_DB,4.0,6.12,true
SLA_1423,SVC_DB,4.0,4.27,true
SLA_1424,SVC_NET,2.0,4.88,true
SLA_1425,SVC_AUTH,2.0,2.29,true
SLA_1426,SVC_ECOM,8.0,8.71,true
SLA_1427,SVC_ORD,4.0,4.99,true
SLA_1428,SVC_INV,8.0,9.31,true
SLA_1429,SVC_AUTH,2.0,4.61,true
SLA_1430,SVC_EMAIL,4.0,5.71,true
SLA_1431,SVC_EMAIL,2.0,1.4,false
SLA_1432,SVC_NET,8.0,9.95,true
SLA_1433,SVC_EMAIL,2.0,2.07,true
SLA_1434,SVC_AUTH,2.0,3.24,true
SLA_1435,SVC_ECOM,2.0,3.02,true
SLA_1436,SVC_PAY,8.0,9.66,true
SLA_1437,SVC_ORD,4.0,3.25,false
SLA_1438,SVC_AUTH,8.0,8.85,true
SLA_1439,SVC_NET,2.0,3.38,true
SLA_1440,SVC_DB,4.0,3.48,false
SLA_1441,SVC_AUTH,2.0,1.55,false
SLA_1442,SVC_EMAIL,4.0,3.33,false
SLA_1443,SVC_INV,4.0,4.18,true
SLA_1444,SVC_INV,4.0,3.93,false
SLA_1445,SVC_PAY,4.0,5.5,true
SLA_1446,SVC_ORD,2.0,2.83,true
SLA_1447,SVC_PAY,2.0,1.56,false
SLA_1448,SVC_PAY,4.0,4.25,true
SLA_1449,SVC_ECOM,4.0,3.08,false
SLA_1450,SVC_ECOM,2.0,4.16,true
SLA_1451,SVC_AUTH,2.0,3.72,true
SLA_1452,SVC_EMAIL,2.0,1.24,false
SLA_1453,SVC_DB,4.0,6.03,true
SLA_1454,SVC_PAY,4.0,4.15,true
SLA_1455,SVC_PAY,8.0,9.55,true
SLA_1456,SVC_AUTH,2.0,1.16,false
SLA_1457,SVC_AUTH,4.0,4.92,true
SLA_1458,SVC_NET,8.0,7.39,false
SLA_1459,SVC_PAY,4.0,4.74,true
SLA_1460,SVC_INV,4.0,6.14,true
SLA_1461,SVC_REP,8.0,7.11,false
SLA_1462,SVC_PAY,8.0,8.63,true
SLA_1463,SVC_SHIP,8.0,10.63,true
SLA_1464,SVC_NET,4.0,5.06,true
SLA_1465,SVC_AUTH,8.0,10.25,true
SLA_1466,SVC_INV,2.0,4.06,true
SLA_1467,SVC_ORD,4.0,6.08,true
SLA_1468,SVC_ECOM,2.0,4.17,true
SLA_1469,SVC_ORD,8.0,8.36,true
SLA_1470,SVC_EMAIL,4.0,5.78,true
SLA_1471,SVC_PAY,2.0,2.67,true
SLA_1472,SVC_NET,8.0,7.85,false
SLA_1473,SVC_SHIP,4.0,6.74,true
SLA_1474,SVC_PAY,2.0,1.6,false
SLA_1475,SVC_DB,2.0,3.55,true
SLA_1476,SVC_REP,4.0,3.48,false
SLA_1477,SVC_DB,8.0,10.61,true
SLA_1478,SVC_NET,2.0,2.85,true
SLA_1479,SVC_NET,2.0,4.49,true
SLA_1480,SVC_ECOM,8.0,8.15,true
SLA_1481,SVC_EMAIL,4.0,3.11,false
SLA_1482,SVC_ECOM,2.0,1.31,false
SLA_1483,SVC_AUTH,8.0,10.12,true
SLA_1484,SVC_EMAIL,8.0,9.29,true
SLA_1485,SVC_ORD,4.0,4.87,true
SLA_1486,SVC_ORD,4.0,4.65,true
SLA_1487,SVC_ECOM,4.0,5.25,true
SLA_1488,SVC_ECOM,2.0,2.71,true
SLA_1489,SVC_NET,8.0,7.93,false
SLA_1490,SVC_ECOM,4.0,3.15,false
SLA_1491,SVC_EMAIL,8.0,10.42,true
SLA_1492,SVC_INV,8.0,10.32,true
SLA_1493,SVC_SHIP,2.0,1.27,false
SLA_1494,SVC_PAY,8.0,8.94,true
SLA_1495,SVC_ECOM,4.0,4.92,true
SLA_1496,SVC_SHIP,2.0,4.24,true
SLA_1497,SVC_REP,8.0,9.64,true
SLA_1498,SVC_EMAIL,4.0,6.12,true
SLA_1499,SVC_DB,8.0,9.39,true
SLA_1500,SVC_PAY,4.0,3.83,false
SLA_1501,SVC_INV,8.0,8.36,true
SLA_1502,SVC_NET,4.0,6.13,true
SLA_1503,SVC_ECOM,4.0,3.26,false
SLA_1504,SVC_EMAIL,4.0,4.22,true
SLA_1505,SVC_INV,2.0,1.56,false
SLA_1506,SVC_DB,4.0,4.69,true
SLA_1507,SVC_AUTH,2.0,4.16,true
SLA_1508,SVC_SHIP,2.0,2.61,true
SLA_1509,SVC_EMAIL,2.0,1.1,false
SLA_1510,SVC_REP,8.0,8.54,true
SLA_1511,SVC_ORD,2.0,3.69,true
SLA_1512,SVC_INV,2.0,3.77,true
SLA_1513,SVC_ECOM,8.0,10.63,true
SLA_1514,SVC_ORD,4.0,4.79,true
SLA_1515,SVC_AUTH,2.0,2.96,true
SLA_1516,SVC_ORD,2.0,2.16,true
SLA_1517,SVC_AUTH,8.0,10.5,true
SLA_1518,SVC_SHIP,4.0,3.75,false
SLA_1519,SVC_EMAIL,8.0,7.83,false
SLA_1520,SVC_REP,4.0,4.21,true
SLA_1521,SVC_REP,2.0,2.18,true
SLA_1522,SVC_REP,4.0,6.75,true
SLA_1523,SVC_ECOM,2.0,4.79,true
SLA_1524,SVC_AUTH,8.0,9.36,true
SLA_1525,SVC_REP,2.0,3.93,true
SLA_1526,SVC_EMAIL,8.0,7.73,false
SLA_1527,SVC_SHIP,4.0,3.41,false
SLA_1528,SVC_EMAIL,4.0,4.28,true
SLA_1529,SVC_EMAIL,2.0,2.75,true
SLA_1530,SVC_PAY,4.0,6.53,true
SLA_1531,SVC_REP,8.0,10.8,true
SLA_1532,SVC_REP,2.0,4.88,true
SLA_1533,SVC_ORD,4.0,4.15,true
SLA_1534,SVC_DB,8.0,7.8,false
SLA_1535,SVC_ECOM,8.0,8.86,true
SLA_1536,SVC_AUTH,4.0,5.17,true
SLA_1537,SVC_AUTH,8.0,8.65,true
SLA_1538,SVC_PAY,8.0,8.85,true
SLA_1539,SVC_AUTH,8.0,7.16,false
SLA_1540,SVC_ECOM,8.0,8.99,true
SLA_1541,SVC_INV,8.0,10.15,true
SLA_1542,SVC_EMAIL,8.0,9.32,true
SLA_1543,SVC_PAY,2.0,2.58,true
SLA_1544,SVC_DB,2.0,2.7,true
SLA_1545,SVC_REP,4.0,4.29,true
SLA_1546,SVC_ORD,4.0,6.47,true
SLA_1547,SVC_REP,8.0,7.6,false
SLA_1548,SVC_PAY,8.0,10.65,true
SLA_1549,SVC_NET,4.0,4.66,true
SLA_1550,SVC_REP,8.0,9.95,true
SLA_1551,SVC_NET,4.0,4.29,true
SLA_1552,SVC_INV,4.0,5.57,true
SLA_1553,SVC_SHIP,8.0,8.95,true
SLA_1554,SVC_DB,4.0,3.21,false
SLA_1555,SVC_INV,2.0,1.62,false
SLA_1556,SVC_INV,4.0,3.08,false
SLA_1557,SVC_ORD,8.0,7.96,false
SLA_1558,SVC_SHIP,4.0,4.43,true
SLA_1559,SVC_INV,8.0,7.41,false
SLA_1560,SVC_AUTH,8.0,10.91,true
SLA_1561,SVC_INV,4.0,4.3,true
SLA_1562,SVC_DB,8.0,8.93,true
SLA_1563,SVC_INV,4.0,4.79,true
SLA_1564,SVC_ORD,8.0,9.66,true
SLA_1565,SVC_ORD,2.0,3.11,true
SLA_1566,SVC_DB,4.0,3.54,false
SLA_1567,SVC_NET,8.0,9.49,true
SLA_1568,SVC_ECOM,4.0,4.94,true
SLA_1569,SVC_AUTH,2.0,1.66,false
SLA_1570,SVC_EMAIL,2.0,3.78,true
SLA_1571,SVC_INV,8.0,9.11,true
SLA_1572,SVC_NET,2.0,3.22,true
SLA_1573,SVC_EMAIL,8.0,7.99,false
SLA_1574,SVC_AUTH,4.0,5.62,true
SLA_1575,SVC_NET,2.0,1.95,false
SLA_1576,SVC_AUTH,4.0,6.69,true
SLA_1577,SVC_EMAIL,8.0,7.89,false
SLA_1578,SVC_AUTH,8.0,9.31,true
SLA_1579,SVC_ORD,8.0,10.81,true
SLA_1580,SVC_ECOM,4.0,4.05,true
SLA_1581,SVC_REP,4.0,4.71,true
SLA_1582,SVC_NET,4.0,4.59,true
SLA_1583,SVC_ORD,4.0,3.75,false
SLA_1584,SVC_EMAIL,2.0,1.89,false
SLA_1585,SVC_EMAIL,8.0,9.59,true
SLA_1586,SVC_NET,2.0,2.17,true
SLA_1587,SVC_ORD,4.0,6.89,true
SLA_1588,SVC_REP,8.0,7.62,false
SLA_1589,SVC_REP,2.0,1.35,false
SLA_1590,SVC_NET,8.0,7.39,false
SLA_1591,SVC_PAY,8.0,8.33,true
SLA_1592,SVC_AUTH,8.0,8.42,true
SLA_1593,SVC_NET,4.0,4.9,true
SLA_1594,SVC_REP,8.0,9.64,true
SLA_1595,SVC_NET,4.0,6.54,true
SLA_1596,SVC_SHIP,2.0,3.5,true
SLA_1597,SVC_PAY,2.0,2.42,true
SLA_1598,SVC_PAY,2.0,4.13,true
SLA_1599,SVC_ORD,8.0,7.73,false
SLA_1600,SVC_NET,2.0,3.64,true
SLA_1601,SVC_AUTH,2.0,4.62,true
SLA_1602,SVC_NET,4.0,4.57,true
SLA_1603,SVC_INV,8.0,7.04,false
SLA_1604,SVC_PAY,8.0,9.6,true
SLA_1605,SVC_ECOM,2.0,1.23,false
SLA_1606,SVC_DB,4.0,6.42,true
SLA_1607,SVC_NET,4.0,4.01,true
SLA_1608,SVC_REP,8.0,9.17,true
SLA_1609,SVC_SHIP,2.0,3.49,true
SLA_1610,SVC_AUTH,2.0,1.72,false
SLA_1611,SVC_DB,2.0,1.89,false
SLA_1612,SVC_REP,8.0,7.64,false
SLA_1613,SVC_SHIP,4.0,4.13,true
SLA_1614,SVC_REP,8.0,8.6,true
SLA_1615,SVC_ECOM,4.0,3.84,false
SLA_1616,SVC_INV,4.0,6.86,true
SLA_1617,SVC_INV,4.0,3.82,false
SLA_1618,SVC_NET,8.0,7.52,false
SLA_1619,SVC_AUTH,4.0,3.65,false
SLA_1620,SVC_EMAIL,2.0,1.8,false
SLA_1621,SVC_SHIP,8.0,9.56,true
SLA_1622,SVC_EMAIL,2.0,4.39,true
SLA_1623,SVC_ORD,2.0,2.97,true
SLA_1624,SVC_EMAIL,8.0,10.4,true
SLA_1625,SVC_SHIP,4.0,5.98,true
SLA_1626,SVC_EMAIL,4.0,5.25,true
SLA_1627,SVC_INV,8.0,7.53,false
SLA_1628,SVC_EMAIL,2.0,4.46,true
SLA_1629,SVC_ECOM,8.0,9.97,true
SLA_1630,SVC_EMAIL,4.0,3.19,false
SLA_1631,SVC_EMAIL,2.0,3.66,true
SLA_1632,SVC_SHIP,2.0,4.99,true
SLA_1633,SVC_ECOM,4.0,3.18,false
SLA_1634,SVC_DB,8.0,10.63,true
SLA_1635,SVC_NET,4.0,6.82,true
SLA_1636,SVC_PAY,2.0,1.8,false
SLA_1637,SVC_PAY,4.0,3.3,false
SLA_1638,SVC_SHIP,8.0,7.46,false
SLA_1639,SVC_EMAIL,8.0,9.44,true
SLA_1640,SVC_EMAIL,8.0,9.47,true
SLA_1641,SVC_EMAIL,4.0,3.35,false
SLA_1642,SVC_ECOM,8.0,9.71,true
SLA_1643,SVC_NET,8.0,7.69,false
SLA_1644,SVC_PAY,8.0,9.0,true
SLA_1645,SVC_ECOM,8.0,8.06,true
SLA_1646,SVC_ECOM,2.0,3.59,true
SLA_1647,SVC_PAY,2.0,3.7,true
SLA_1648,SVC_INV,2.0,2.75,true
SLA_1649,SVC_REP,8.0,7.35,false
SLA_1650,SVC_ECOM,4.0,5.68,true
SLA_1651,SVC_REP,8.0,7.33,false
SLA_1652,SVC_SHIP,8.0,9.65,true
SLA_1653,SVC_ECOM,8.0,9.02,true
SLA_1654,SVC_ECOM,8.0,10.69,true
SLA_1655,SVC_ORD,4.0,6.27,true
SLA_1656,SVC_ECOM,4.0,5.95,true
SLA_1657,SVC_DB,8.0,7.06,false
SLA_1658,SVC_EMAIL,8.0,9.57,true
SLA_1659,SVC_REP,4.0,5.48,true
SLA_1660,SVC_PAY,2.0,4.45,true
SLA_1661,SVC_INV,4.0,3.09,false
SLA_1662,SVC_AUTH,8.0,8.19,true
SLA_1663,SVC_AUTH,8.0,10.39,true
SLA_1664,SVC_ORD,2.0,3.4,true
SLA_1665,SVC_PAY,2.0,4.11,true
SLA_1666,SVC_EMAIL,2.0,3.66,true
SLA_1667,SVC_REP,4.0,5.07,true
SLA_1668,SVC_DB,2.0,4.88,true
SLA_1669,SVC_EMAIL,8.0,9.84,true
SLA_1670,SVC_DB,4.0,6.67,true
SLA_1671,SVC_DB,2.0,2.6,true
SLA_1672,SVC_AUTH,2.0,3.06,true
SLA_1673,SVC_ORD,8.0,8.77,true
SLA_1674,SVC_INV,2.0,2.4,true
SLA_1675,SVC_SHIP,8.0,8.73,true
SLA_1676,SVC_SHIP,2.0,3.2,true
SLA_1677,SVC_INV,4.0,6.18,true
SLA_1678,SVC_EMAIL,8.0,8.82,true
SLA_1679,SVC_REP,2.0,1.78,false
SLA_1680,SVC_EMAIL,2.0,2.83,true
SLA_1681,SVC_AUTH,2.0,1.16,false
SLA_1682,SVC_ECOM,2.0,3.95,true
SLA_1683,SVC_DB,2.0,2.16,true
SLA_1684,SVC_DB,8.0,8.38,true
SLA_1685,SVC_INV,2.0,1.27,false
SLA_1686,SVC_ORD,8.0,10.01,true
SLA_1687,SVC_INV,4.0,6.73,true
SLA_1688,SVC_REP,4.0,4.35,true
SLA_1689,SVC_NET,8.0,7.73,false
SLA_1690,SVC_ORD,2.0,3.03,true
SLA_1691,SVC_DB,4.0,5.45,true
SLA_1692,SVC_PAY,4.0,6.94,true
SLA_1693,SVC_REP,8.0,9.87,true
SLA_1694,SVC_INV,4.0,6.23,true
SLA_1695,SVC_SHIP,8.0,8.11,true
SLA_1696,SVC_NET,8.0,9.04,true
SLA_1697,SVC_EMAIL,4.0,6.68,true
SLA_1698,SVC_NET,8.0,7.81,false
SLA_1699,SVC_ORD,2.0,4.68,true
SLA_1700,SVC_ECOM,2.0,3.4,true
SLA_1701,SVC_EMAIL,2.0,3.61,true
SLA_1702,SVC_DB,8.0,9.4,true
SLA_1703,SVC_SHIP,4.0,6.03,true
SLA_1704,SVC_NET,4.0,6.79,true
SLA_1705,SVC_INV,4.0,5.3,true
SLA_1706,SVC_NET,2.0,2.84,true
SLA_1707,SVC_NET,8.0,8.36,true
SLA_1708,SVC_REP,2.0,1.95,false
SLA_1709,SVC_ECOM,8.0,10.06,true
SLA_1710,SVC_DB,2.0,3.39,true
SLA_1711,SVC_ECOM,8.0,8.62,true
SLA_1712,SVC_REP,8.0,8.6,true
SLA_1713,SVC_ORD,4.0,4.91,true
SLA_1714,SVC_PAY,8.0,10.6,true
SLA_1715,SVC_PAY,4.0,4.49,true
SLA_1716,SVC_AUTH,2.0,4.26,true
SLA_1717,SVC_AUTH,2.0,1.99,false
SLA_1718,SVC_SHIP,4.0,5.49,true
SLA_1719,SVC_SHIP,8.0,8.33,true
SLA_1720,SVC_PAY,4.0,5.51,true
SLA_1721,SVC_AUTH,4.0,5.97,true
SLA_1722,SVC_SHIP,2.0,3.33,true
SLA_1723,SVC_INV,8.0,10.68,true
SLA_1724,SVC_ECOM,2.0,4.8,true
SLA_1725,SVC_ORD,8.0,7.02,false
SLA_1726,SVC_EMAIL,4.0,6.85,true
SLA_1727,SVC_SHIP,8.0,9.13,true
SLA_1728,SVC_EMAIL,2.0,3.64,true
SLA_1729,SVC_ECOM,4.0,6.39,true
SLA_1730,SVC_ORD,8.0,9.55,true
SLA_1731,SVC_ORD,4.0,6.73,true
SLA_1732,SVC_REP,8.0,8.9,true
SLA_1733,SVC_SHIP,4.0,5.39,true
SLA_1734,SVC_PAY,4.0,6.87,true
SLA_1735,SVC_ECOM,4.0,4.35,true
SLA_1736,SVC_ECOM,4.0,6.58,true
SLA_1737,SVC_AUTH,2.0,1.83,false
SLA_1738,SVC_EMAIL,4.0,4.59,true
SLA_1739,SVC_REP,2.0,4.13,true
SLA_1740,SVC_NET,4.0,4.56,true
SLA_1741,SVC_DB,4.0,3.55,false
SLA_1742,SVC_ORD,8.0,8.15,true
SLA_1743,SVC_SHIP,2.0,3.28,true
SLA_1744,SVC_AUTH,8.0,8.85,true
SLA_1745,SVC_ECOM,8.0,8.91,true
SLA_1746,SVC_ORD,8.0,8.45,true
SLA_1747,SVC_NET,2.0,4.37,true
SLA_1748,SVC_PAY,2.0,1.84,false
SLA_1749,SVC_INV,4.0,4.38,true
SLA_1750,SVC_INV,8.0,9.83,true
SLA_1751,SVC_INV,2.0,3.33,true
SLA_1752,SVC_INV,2.0,3.15,true
SLA_1753,SVC_EMAIL,2.0,1.32,false
SLA_1754,SVC_NET,4.0,6.4,true
SLA_1755,SVC_INV,4.0,6.2,true
SLA_1756,SVC_EMAIL,8.0,9.13,true
SLA_1757,SVC_AUTH,2.0,1.53,false
SLA_1758,SVC_NET,2.0,1.91,false
SLA_1759,SVC_PAY,8.0,10.35,true
SLA_1760,SVC_INV,2.0,2.62,true
SLA_1761,SVC_NET,4.0,3.83,false
SLA_1762,SVC_DB,4.0,4.19,true
SLA_1763,SVC_EMAIL,8.0,9.06,true
SLA_1764,SVC_PAY,4.0,5.83,true
SLA_1765,SVC_AUTH,4.0,6.98,true
SLA_1766,SVC_AUTH,4.0,4.84,true
SLA_1767,SVC_AUTH,2.0,3.09,true
SLA_1768,SVC_REP,4.0,3.71,false
SLA_1769,SVC_SHIP,2.0,2.39,true
SLA_1770,SVC_ECOM,4.0,4.96,true
SLA_1771,SVC_ECOM,2.0,3.22,true
SLA_1772,SVC_REP,8.0,9.07,true
SLA_1773,SVC_ORD,4.0,6.22,true
SLA_1774,SVC_NET,4.0,6.58,true
SLA_1775,SVC_ORD,8.0,8.61,true
SLA_1776,SVC_INV,2.0,3.71,true
SLA_1777,SVC_ORD,2.0,3.95,true
SLA_1778,SVC_REP,4.0,5.45,true
SLA_1779,SVC_REP,4.0,5.77,true
SLA_1780,SVC_DB,2.0,3.86,true
SLA_1781,SVC_EMAIL,8.0,8.47,true
SLA_1782,SVC_PAY,2.0,1.41,false
SLA_1783,SVC_PAY,2.0,2.18,true
SLA_1784,SVC_ECOM,8.0,9.48,true
SLA_1785,SVC_AUTH,8.0,7.6,false
SLA_1786,SVC_ORD,8.0,7.6,false
SLA_1787,SVC_REP,2.0,4.57,true
SLA_1788,SVC_EMAIL,8.0,7.33,false
SLA_1789,SVC_INV,8.0,9.77,true
SLA_1790,SVC_ORD,8.0,8.94,true
SLA_1791,SVC_ECOM,8.0,8.06,true
SLA_1792,SVC_PAY,2.0,1.04,false
SLA_1793,SVC_DB,8.0,9.6,true
SLA_1794,SVC_EMAIL,8.0,8.33,true
SLA_1795,SVC_NET,8.0,10.49,true
SLA_1796,SVC_SHIP,4.0,3.04,false
SLA_1797,SVC_DB,8.0,10.89,true
SLA_1798,SVC_AUTH,8.0,7.22,false
SLA_1799,SVC_DB,8.0,10.98,true
SLA_1800,SVC_DB,8.0,8.18,true
SLA_1801,SVC_DB,8.0,7.12,false
SLA_1802,SVC_AUTH,4.0,7.0,true
SLA_1803,SVC_EMAIL,8.0,10.12,true
SLA_1804,SVC_INV,4.0,6.84,true
SLA_1805,SVC_REP,4.0,3.16,false
SLA_1806,SVC_ECOM,2.0,3.91,true
SLA_1807,SVC_INV,8.0,10.13,true
SLA_1808,SVC_REP,8.0,10.86,true
SLA_1809,SVC_EMAIL,2.0,4.67,true
SLA_1810,SVC_NET,2.0,1.72,false
SLA_1811,SVC_ORD,2.0,1.78,false
SLA_1812,SVC_NET,2.0,2.44,true
SLA_1813,SVC_ORD,8.0,10.02,true
SLA_1814,SVC_AUTH,4.0,6.33,true
SLA_1815,SVC_REP,8.0,8.75,true
SLA_1816,SVC_PAY,4.0,4.85,true
SLA_1817,SVC_ECOM,2.0,3.48,true
SLA_1818,SVC_INV,4.0,4.49,true
SLA_1819,SVC_ORD,8.0,8.5,true
SLA_1820,SVC_NET,8.0,8.81,true
SLA_1821,SVC_REP,4.0,5.4,true
SLA_1822,SVC_ORD,8.0,7.12,false
SLA_1823,SVC_NET,8.0,9.44,true
SLA_1824,SVC_SHIP,2.0,1.77,false
SLA_1825,SVC_DB,8.0,10.95,true
SLA_1826,SVC_SHIP,4.0,6.48,true
SLA_1827,SVC_NET,4.0,6.06,true
SLA_1828,SVC_ECOM,2.0,1.65,false
SLA_1829,SVC_ORD,4.0,6.46,true
SLA_1830,SVC_DB,8.0,10.79,true
SLA_1831,SVC_NET,2.0,4.09,true
SLA_1832,SVC_ORD,2.0,4.15,true
SLA_1833,SVC_REP,4.0,5.75,true
SLA_1834,SVC_PAY,2.0,2.89,true
SLA_1835,SVC_ECOM,4.0,4.63,true
SLA_1836,SVC_SHIP,8.0,10.18,true
SLA_1837,SVC_ECOM,4.0,3.77,false
SLA_1838,SVC_REP,2.0,1.06,false
SLA_1839,SVC_PAY,8.0,10.14,true
SLA_1840,SVC_EMAIL,8.0,9.26,true
SLA_1841,SVC_ECOM,2.0,3.69,true
SLA_1842,SVC_EMAIL,4.0,4.8,true
SLA_1843,SVC_PAY,4.0,3.7,false
SLA_1844,SVC_ECOM,4.0,5.74,true
SLA_1845,SVC_PAY,2.0,3.16,true
SLA_1846,SVC_PAY,2.0,4.57,true
SLA_1847,SVC_SHIP,2.0,1.26,false
SLA_1848,SVC_SHIP,4.0,6.62,true
SLA_1849,SVC_REP,2.0,2.4,true
SLA_1850,SVC_PAY,8.0,7.69,false
SLA_1851,SVC_AUTH,2.0,2.56,true
SLA_1852,SVC_SHIP,8.0,9.03,true
SLA_1853,SVC_PAY,8.0,7.26,false
SLA_1854,SVC_EMAIL,2.0,3.77,true
SLA_1855,SVC_ECOM,4.0,5.25,true
SLA_1856,SVC_SHIP,2.0,1.54,false
SLA_1857,SVC_PAY,4.0,6.1,true
SLA_1858,SVC_DB,4.0,5.41,true
SLA_1859,SVC_ECOM,8.0,10.59,true
SLA_1860,SVC_ECOM,2.0,1.14,false
SLA_1861,SVC_SHIP,4.0,5.29,true
SLA_1862,SVC_ORD,4.0,6.32,true
SLA_1863,SVC_EMAIL,4.0,5.6,true
SLA_1864,SVC_AUTH,2.0,2.35,true
SLA_1865,SVC_NET,2.0,4.39,true
SLA_1866,SVC_DB,2.0,2.44,true
SLA_1867,SVC_ORD,2.0,1.02,false
SLA_1868,SVC_DB,4.0,6.19,true
SLA_1869,SVC_AUTH,2.0,4.84,true
SLA_1870,SVC_DB,2.0,3.36,true
SLA_1871,SVC_ORD,2.0,4.68,true
SLA_1872,SVC_PAY,8.0,7.15,false
SLA_1873,SVC_NET,2.0,1.55,false
SLA_1874,SVC_EMAIL,8.0,10.56,true
SLA_1875,SVC_AUTH,4.0,5.12,true
SLA_1876,SVC_NET,2.0,4.0,true
SLA_1877,SVC_NET,8.0,8.81,true
SLA_1878,SVC_NET,4.0,3.42,false
SLA_1879,SVC_NET,8.0,10.16,true
SLA_1880,SVC_ECOM,4.0,6.07,true
SLA_1881,SVC_DB,4.0,4.22,true
SLA_1882,SVC_NET,4.0,6.94,true
SLA_1883,SVC_SHIP,4.0,6.34,true
SLA_1884,SVC_SHIP,8.0,7.05,false
SLA_1885,SVC_SHIP,4.0,3.77,false
SLA_1886,SVC_EMAIL,8.0,7.79,false
SLA_1887,SVC_INV,2.0,3.17,true
SLA_1888,SVC_NET,4.0,3.41,false
SLA_1889,SVC_SHIP,8.0,10.06,true
SLA_1890,SVC_PAY,4.0,5.55,true
SLA_1891,SVC_ORD,8.0,9.03,true
SLA_1892,SVC_DB,2.0,3.09,true
SLA_1893,SVC_DB,8.0,9.93,true
SLA_1894,SVC_EMAIL,8.0,10.86,true
SLA_1895,SVC_NET,2.0,3.71,true
SLA_1896,SVC_INV,4.0,4.56,true
SLA_1897,SVC_ECOM,2.0,1.18,false
SLA_1898,SVC_SHIP,8.0,10.33,true
SLA_1899,SVC_ECOM,8.0,7.99,false
SLA_1900,SVC_REP,4.0,5.79,true
SLA_1901,SVC_INV,2.0,4.72,true
SLA_1902,SVC_SHIP,8.0,9.68,true
SLA_1903,SVC_SHIP,8.0,9.94,true
SLA_1904,SVC_NET,8.0,7.32,false
SLA_1905,SVC_INV,2.0,4.7,true
SLA_1906,SVC_AUTH,4.0,3.57,false
SLA_1907,SVC_PAY,4.0,3.98,false
SLA_1908,SVC_INV,8.0,7.82,false
SLA_1909,SVC_INV,2.0,2.9,true
SLA_1910,SVC_SHIP,8.0,9.26,true
SLA_1911,SVC_NET,8.0,7.76,false
SLA_1912,SVC_SHIP,4.0,3.92,false
SLA_1913,SVC_REP,8.0,9.41,true
SLA_1914,SVC_SHIP,2.0,2.53,true
SLA_1915,SVC_PAY,8.0,9.37,true
SLA_1916,SVC_NET,8.0,10.11,true
SLA_1917,SVC_PAY,2.0,3.72,true
SLA_1918,SVC_REP,8.0,9.72,true
SLA_1919,SVC_PAY,4.0,5.6,true
SLA_1920,SVC_ECOM,4.0,3.58,false
SLA_1921,SVC_SHIP,2.0,4.62,true
SLA_1922,SVC_PAY,8.0,8.8,true
SLA_1923,SVC_REP,2.0,4.54,true
SLA_1924,SVC_INV,2.0,2.69,true
SLA_1925,SVC_EMAIL,8.0,10.71,true
SLA_1926,SVC_EMAIL,2.0,1.01,false
SLA_1927,SVC_EMAIL,2.0,4.56,true
SLA_1928,SVC_ECOM,4.0,4.69,true
SLA_1929,SVC_NET,2.0,2.9,true
SLA_1930,SVC_ECOM,8.0,10.5,true
SLA_1931,SVC_ECOM,4.0,4.03,true
SLA_1932,SVC_NET,2.0,3.32,true
SLA_1933,SVC_SHIP,4.0,3.72,false
SLA_1934,SVC_INV,2.0,2.14,true
SLA_1935,SVC_SHIP,4.0,4.83,true
SLA_1936,SVC_SHIP,2.0,1.13,false
SLA_1937,SVC_DB,4.0,5.04,true
SLA_1938,SVC_EMAIL,2.0,4.18,true
SLA_1939,SVC_AUTH,2.0,1.56,false
SLA_1940,SVC_SHIP,2.0,4.55,true
SLA_1941,SVC_AUTH,8.0,7.58,false
SLA_1942,SVC_NET,4.0,6.84,true
SLA_1943,SVC_PAY,8.0,8.88,true
SLA_1944,SVC_AUTH,4.0,4.31,true
SLA_1945,SVC_REP,4.0,6.33,true
SLA_1946,SVC_EMAIL,2.0,1.31,false
SLA_1947,SVC_REP,2.0,1.44,false
SLA_1948,SVC_EMAIL,8.0,7.73,false
SLA_1949,SVC_PAY,2.0,4.17,true
SLA_1950,SVC_EMAIL,4.0,6.03,true
SLA_1951,SVC_AUTH,8.0,7.6,false
SLA_1952,SVC_DB,4.0,3.8,false
SLA_1953,SVC_NET,8.0,10.81,true
SLA_1954,SVC_NET,4.0,4.98,true
SLA_1955,SVC_DB,8.0,10.31,true
SLA_1956,SVC_ECOM,2.0,4.18,true
SLA_1957,SVC_NET,4.0,3.82,false
SLA_1958,SVC_AUTH,4.0,5.19,true
SLA_1959,SVC_REP,8.0,9.86,true
SLA_1960,SVC_ECOM,4.0,4.97,true
SLA_1961,SVC_PAY,8.0,9.62,true
SLA_1962,SVC_AUTH,2.0,2.06,true
SLA_1963,SVC_DB,2.0,1.86,false
SLA_1964,SVC_SHIP,2.0,1.7,false
SLA_1965,SVC_NET,4.0,4.98,true
SLA_1966,SVC_INV,8.0,8.79,true
SLA_1967,SVC_INV,8.0,10.31,true
SLA_1968,SVC_NET,2.0,4.55,true
SLA_1969,SVC_DB,8.0,10.08,true
SLA_1970,SVC_SHIP,4.0,6.13,true
SLA_1971,SVC_AUTH,2.0,4.35,true
SLA_1972,SVC_NET,4.0,5.57,true
SLA_1973,SVC_REP,4.0,6.64,true
SLA_1974,SVC_NET,4.0,5.5,true
SLA_1975,SVC_ECOM,2.0,4.82,true
SLA_1976,SVC_DB,2.0,1.46,false
SLA_1977,SVC_ORD,8.0,7.06,false
SLA_1978,SVC_DB,4.0,6.92,true
SLA_1979,SVC_ECOM,2.0,2.92,true
SLA_1980,SVC_SHIP,4.0,5.88,true
SLA_1981,SVC_AUTH,8.0,9.46,true
SLA_1982,SVC_NET,8.0,9.23,true
SLA_1983,SVC_NET,8.0,9.69,true
SLA_1984,SVC_ORD,2.0,3.64,true
SLA_1985,SVC_ORD,8.0,10.25,true
SLA_1986,SVC_SHIP,8.0,7.18,false
SLA_1987,SVC_PAY,2.0,1.24,false
SLA_1988,SVC_EMAIL,2.0,2.79,true
SLA_1989,SVC_EMAIL,4.0,4.63,true
SLA_1990,SVC_INV,2.0,1.79,false
SLA_1991,SVC_EMAIL,4.0,4.58,true
SLA_1992,SVC_EMAIL,8.0,8.66,true
SLA_1993,SVC_REP,8.0,10.64,true
SLA_1994,SVC_NET,2.0,3.16,true
SLA_1995,SVC_NET,4.0,4.36,true
SLA_1996,SVC_NET,4.0,5.73,true
SLA_1997,SVC_SHIP,8.0,7.87,false
SLA_1998,SVC_SHIP,8.0,8.78,true
SLA_1999,SVC_DB,4.0,3.7,false
SLA_2000,SVC_ORD,4.0,4.08,true
SLA_2001,SVC_EMAIL,8.0,8.07,true
SLA_2002,SVC_INV,4.0,3.59,false
SLA_2003,SVC_DB,4.0,6.89,true
SLA_2004,SVC_REP,8.0,7.53,false
SLA_2005,SVC_DB,4.0,3.03,false
SLA_2006,SVC_EMAIL,8.0,10.84,true
SLA_2007,SVC_DB,4.0,6.22,true
SLA_2008,SVC_ORD,8.0,9.38,true
SLA_2009,SVC_EMAIL,4.0,3.42,false
SLA_2010,SVC_ORD,8.0,8.27,true
SLA_2011,SVC_PAY,4.0,5.88,true
SLA_2012,SVC_PAY,4.0,6.55,true
SLA_2013,SVC_INV,4.0,3.39,false
SLA_2014,SVC_INV,8.0,8.58,true
SLA_2015,SVC_ORD,4.0,6.16,true
SLA_2016,SVC_EMAIL,2.0,4.32,true
SLA_2017,SVC_PAY,4.0,5.59,true
SLA_2018,SVC_AUTH,8.0,9.05,true
SLA_2019,SVC_EMAIL,8.0,9.97,true
SLA_2020,SVC_NET,2.0,3.21,true
SLA_2021,SVC_ORD,2.0,4.8,true
SLA_2022,SVC_INV,2.0,1.17,false
SLA_2023,SVC_REP,2.0,4.44,true
SLA_2024,SVC_SHIP,4.0,3.92,false
SLA_2025,SVC_AUTH,2.0,4.75,true
SLA_2026,SVC_AUTH,4.0,5.6,true
SLA_2027,SVC_SHIP,4.0,4.01,true
SLA_2028,SVC_REP,4.0,6.98,true
SLA_2029,SVC_DB,4.0,6.46,true
SLA_2030,SVC_DB,4.0,5.22,true
SLA_2031,SVC_REP,4.0,6.83,true
SLA_2032,SVC_SHIP,4.0,5.42,true
SLA_2033,SVC_EMAIL,8.0,9.12,true
SLA_2034,SVC_PAY,2.0,2.5,true
SLA_2035,SVC_DB,4.0,3.47,false
SLA_2036,SVC_DB,4.0,5.1,true
SLA_2037,SVC_SHIP,2.0,3.68,true
SLA_2038,SVC_EMAIL,8.0,8.7,true
SLA_2039,SVC_AUTH,4.0,3.04,false
SLA_2040,SVC_ECOM,8.0,10.07,true
SLA_2041,SVC_DB,8.0,9.41,true
SLA_2042,SVC_NET,8.0,8.36,true
SLA_2043,SVC_SHIP,4.0,6.39,true
SLA_2044,SVC_NET,2.0,2.04,true
SLA_2045,SVC_ORD,8.0,10.04,true
SLA_2046,SVC_REP,2.0,4.76,true
SLA_2047,SVC_ORD,2.0,1.56,false
SLA_2048,SVC_INV,4.0,3.07,false
SLA_2049,SVC_ECOM,4.0,3.3,false
SLA_2050,SVC_PAY,2.0,3.97,true
SLA_2051,SVC_DB,4.0,5.58,true
SLA_2052,SVC_DB,8.0,7.57,false
SLA_2053,SVC_EMAIL,2.0,4.51,true
SLA_2054,SVC_SHIP,8.0,10.51,true
SLA_2055,SVC_ECOM,8.0,9.98,true
SLA_2056,SVC_INV,2.0,4.59,true
SLA_2057,SVC_ECOM,2.0,4.31,true
SLA_2058,SVC_DB,4.0,3.84,false
SLA_2059,SVC_REP,8.0,10.83,true
SLA_2060,SVC_ORD,4.0,6.06,true
SLA_2061,SVC_AUTH,2.0,2.15,true
SLA_2062,SVC_ECOM,4.0,3.74,false
SLA_2063,SVC_SHIP,4.0,4.5,true
SLA_2064,SVC_REP,2.0,3.82,true
SLA_2065,SVC_ORD,4.0,6.03,true
SLA_2066,SVC_NET,2.0,3.38,true
SLA_2067,SVC_ECOM,8.0,10.35,true
SLA_2068,SVC_REP,8.0,7.12,false
SLA_2069,SVC_DB,4.0,6.69,true
SLA_2070,SVC_PAY,2.0,1.33,false
SLA_2071,SVC_SHIP,4.0,6.7,true
SLA_2072,SVC_ECOM,2.0,4.65,true
SLA_2073,SVC_EMAIL,4.0,5.47,true
SLA_2074,SVC_REP,2.0,1.8,false
SLA_2075,SVC_ECOM,2.0,3.24,true
SLA_2076,SVC_ECOM,2.0,4.53,true
SLA_2077,SVC_EMAIL,2.0,1.9,false
SLA_2078,SVC_NET,4.0,5.0,true
SLA_2079,SVC_DB,4.0,3.28,false
SLA_2080,SVC_NET,2.0,1.09,false
SLA_2081,SVC_ORD,4.0,4.87,true
SLA_2082,SVC_AUTH,8.0,10.01,true
SLA_2083,SVC_DB,4.0,4.58,true
SLA_2084,SVC_AUTH,2.0,2.64,true
SLA_2085,SVC_DB,8.0,7.52,false
SLA_2086,SVC_DB,2.0,4.07,true
SLA_2087,SVC_INV,8.0,7.53,false
SLA_2088,SVC_AUTH,4.0,6.86,true
SLA_2089,SVC_AUTH,8.0,10.67,true
SLA_2090,SVC_ORD,8.0,9.46,true
SLA_2091,SVC_ORD,8.0,7.05,false
SLA_2092,SVC_PAY,4.0,5.3,true
SLA_2093,SVC_PAY,8.0,10.13,true
SLA_2094,SVC_EMAIL,4.0,3.71,false
SLA_2095,SVC_NET,2.0,1.26,false
SLA_2096,SVC_ECOM,2.0,3.96,true
SLA_2097,SVC_ORD,8.0,8.17,true
SLA_2098,SVC_DB,2.0,3.38,true
SLA_2099,SVC_ORD,8.0,10.87,true
SLA_2100,SVC_ORD,4.0,3.92,false
SLA_2101,SVC_ORD,8.0,10.83,true
SLA_2102,SVC_SHIP,4.0,6.91,true
SLA_2103,SVC_ORD,4.0,6.86,true
SLA_2104,SVC_INV,4.0,3.55,false
SLA_2105,SVC_INV,4.0,5.61,true
SLA_2106,SVC_NET,4.0,3.44,false
SLA_2107,SVC_EMAIL,8.0,8.94,true
SLA_2108,SVC_SHIP,2.0,4.25,true
SLA_2109,SVC_ORD,8.0,10.68,true
SLA_2110,SVC_PAY,2.0,3.07,true
SLA_2111,SVC_PAY,4.0,5.55,true
SLA_2112,SVC_INV,8.0,10.18,true
SLA_2113,SVC_SHIP,4.0,6.92,true
SLA_2114,SVC_INV,2.0,3.12,true
SLA_2115,SVC_SHIP,8.0,7.05,false
SLA_2116,SVC_AUTH,4.0,3.9,false
SLA_2117,SVC_ECOM,4.0,5.48,true
SLA_2118,SVC_ECOM,4.0,4.66,true
SLA_2119,SVC_DB,4.0,3.05,false
SLA_2120,SVC_ECOM,4.0,6.31,true
SLA_2121,SVC_PAY,8.0,10.92,true
SLA_2122,SVC_DB,2.0,1.7,false
SLA_2123,SVC_PAY,4.0,4.31,true
SLA_2124,SVC_NET,8.0,7.62,false
SLA_2125,SVC_PAY,2.0,3.26,true
SLA_2126,SVC_ECOM,4.0,4.67,true
SLA_2127,SVC_ECOM,8.0,10.33,true
SLA_2128,SVC_INV,2.0,4.93,true
SLA_2129,SVC_AUTH,4.0,3.84,false
SLA_2130,SVC_INV,2.0,4.46,true
SLA_2131,SVC_ECOM,2.0,4.47,true
SLA_2132,SVC_AUTH,2.0,1.54,false
SLA_2133,SVC_AUTH,2.0,3.61,true
SLA_2134,SVC_SHIP,8.0,7.58,false
SLA_2135,SVC_SHIP,8.0,7.8,false
SLA_2136,SVC_INV,8.0,8.74,true
SLA_2137,SVC_EMAIL,4.0,4.94,true
SLA_2138,SVC_INV,8.0,9.48,true
SLA_2139,SVC_PAY,2.0,2.03,true
SLA_2140,SVC_INV,2.0,4.55,true
SLA_2141,SVC_AUTH,8.0,7.84,false
SLA_2142,SVC_PAY,4.0,4.55,true
SLA_2143,SVC_REP,2.0,1.82,false
SLA_2144,SVC_PAY,4.0,5.14,true
SLA_2145,SVC_NET,2.0,4.34,true
SLA_2146,SVC_SHIP,4.0,3.93,false
SLA_2147,SVC_ORD,2.0,3.5,true
SLA_2148,SVC_ORD,8.0,10.21,true
SLA_2149,SVC_INV,4.0,3.06,false
SLA_2150,SVC_NET,8.0,7.96,false
SLA_2151,SVC_NET,8.0,7.1,false
SLA_2152,SVC_NET,4.0,3.62,false
SLA_2153,SVC_AUTH,4.0,6.45,true
SLA_2154,SVC_DB,2.0,1.58,false
SLA_2155,SVC_ECOM,8.0,8.03,true
SLA_2156,SVC_ECOM,4.0,5.16,true
SLA_2157,SVC_ECOM,2.0,1.0,false
SLA_2158,SVC_AUTH,4.0,4.37,true
SLA_2159,SVC_NET,4.0,4.54,true
SLA_2160,SVC_INV,2.0,4.47,true
SLA_2161,SVC_DB,2.0,4.44,true
SLA_2162,SVC_NET,8.0,8.49,true
SLA_2163,SVC_ORD,2.0,1.02,false
SLA_2164,SVC_AUTH,8.0,9.85,true
SLA_2165,SVC_ORD,4.0,6.62,true
SLA_2166,SVC_INV,8.0,9.24,true
SLA_2167,SVC_EMAIL,4.0,6.04,true
SLA_2168,SVC_INV,8.0,9.1,true
SLA_2169,SVC_NET,4.0,6.44,true
SLA_2170,SVC_EMAIL,2.0,3.51,true
SLA_2171,SVC_INV,2.0,4.96,true
SLA_2172,SVC_DB,2.0,4.24,true
SLA_2173,SVC_INV,2.0,2.94,true
SLA_2174,SVC_EMAIL,2.0,4.87,true
SLA_2175,SVC_SHIP,2.0,4.52,true
SLA_2176,SVC_PAY,8.0,9.93,true
SLA_2177,SVC_EMAIL,8.0,9.5,true
SLA_2178,SVC_REP,8.0,8.66,true
SLA_2179,SVC_PAY,2.0,3.35,true
SLA_2180,SVC_NET,8.0,7.34,false
SLA_2181,SVC_NET,2.0,2.42,true
SLA_2182,SVC_REP,2.0,3.81,true
SLA_2183,SVC_AUTH,2.0,4.49,true
SLA_2184,SVC_DB,4.0,4.69,true
SLA_2185,SVC_REP,8.0,8.15,true
SLA_2186,SVC_SHIP,4.0,3.18,false
SLA_2187,SVC_DB,4.0,6.72,true
SLA_2188,SVC_NET,4.0,4.9,true
SLA_2189,SVC_PAY,8.0,9.16,true
SLA_2190,SVC_ECOM,8.0,7.0,false
SLA_2191,SVC_REP,8.0,7.12,false
SLA_2192,SVC_ECOM,2.0,1.32,false
SLA_2193,SVC_NET,8.0,8.86,true
SLA_2194,SVC_SHIP,8.0,10.71,true
SLA_2195,SVC_EMAIL,8.0,8.48,true
SLA_2196,SVC_REP,8.0,10.39,true
SLA_2197,SVC_ORD,4.0,6.45,true
SLA_2198,SVC_ECOM,4.0,3.24,false
SLA_2199,SVC_ECOM,2.0,4.15,true
SLA_2200,SVC_EMAIL,2.0,2.75,true
SLA_2201,SVC_AUTH,4.0,3.81,false
SLA_2202,SVC_DB,2.0,3.68,true
SLA_2203,SVC_PAY,4.0,4.88,true
SLA_2204,SVC_INV,2.0,3.82,true
SLA_2205,SVC_SHIP,8.0,10.08,true
SLA_2206,SVC_ECOM,4.0,6.02,true
SLA_2207,SVC_INV,2.0,3.52,true
SLA_2208,SVC_AUTH,8.0,8.01,true
SLA_2209,SVC_AUTH,4.0,3.59,false
SLA_2210,SVC_EMAIL,2.0,2.83,true
SLA_2211,SVC_INV,4.0,3.34,false
SLA_2212,SVC_REP,2.0,3.41,true
SLA_2213,SVC_AUTH,4.0,3.21,false
SLA_2214,SVC_DB,8.0,9.41,true
SLA_2215,SVC_SHIP,8.0,8.38,true
SLA_2216,SVC_DB,4.0,3.52,false
SLA_2217,SVC_ORD,4.0,5.11,true
SLA_2218,SVC_REP,2.0,4.82,true
SLA_2219,SVC_INV,4.0,5.12,true
SLA_2220,SVC_REP,8.0,9.65,true
SLA_2221,SVC_NET,4.0,5.86,true
SLA_2222,SVC_EMAIL,8.0,10.43,true
SLA_2223,SVC_AUTH,8.0,8.51,true
SLA_2224,SVC_INV,2.0,3.55,true
SLA_2225,SVC_AUTH,2.0,4.7,true
SLA_2226,SVC_SHIP,4.0,5.44,true
SLA_2227,SVC_AUTH,4.0,3.28,false
SLA_2228,SVC_ECOM,8.0,8.04,true
SLA_2229,SVC_SHIP,4.0,4.99,true
SLA_2230,SVC_AUTH,4.0,3.11,false
SLA_2231,SVC_AUTH,8.0,8.53,true
SLA_2232,SVC_AUTH,2.0,2.75,true
SLA_2233,SVC_ORD,4.0,4.24,true
SLA_2234,SVC_EMAIL,4.0,3.89,false
SLA_2235,SVC_INV,4.0,6.89,true
SLA_2236,SVC_ECOM,8.0,8.46,true
SLA_2237,SVC_ORD,8.0,7.03,false
SLA_2238,SVC_ECOM,8.0,8.86,true
SLA_2239,SVC_ORD,2.0,3.86,true
SLA_2240,SVC_ORD,2.0,1.96,false
SLA_2241,SVC_DB,4.0,5.1,true
SLA_2242,SVC_EMAIL,4.0,3.77,false
SLA_2243,SVC_ORD,4.0,5.76,true
SLA_2244,SVC_DB,8.0,8.64,true
SLA_2245,SVC_AUTH,8.0,10.66,true
SLA_2246,SVC_INV,2.0,2.32,true
SLA_2247,SVC_INV,4.0,4.89,true
SLA_2248,SVC_SHIP,2.0,3.98,true
SLA_2249,SVC_SHIP,4.0,5.41,true
SLA_2250,SVC_SHIP,2.0,2.15,true
SLA_2251,SVC_PAY,2.0,4.02,true
SLA_2252,SVC_SHIP,8.0,10.78,true
SLA_2253,SVC_DB,8.0,9.22,true
SLA_2254,SVC_DB,8.0,7.97,false
SLA_2255,SVC_DB,2.0,4.95,true
SLA_2256,SVC_INV,4.0,3.4,false
SLA_2257,SVC_ECOM,2.0,2.22,true
SLA_2258,SVC_EMAIL,4.0,3.59,false
SLA_2259,SVC_INV,4.0,5.63,true
SLA_2260,SVC_AUTH,4.0,4.48,true
SLA_2261,SVC_DB,4.0,6.81,true
SLA_2262,SVC_REP,8.0,9.56,true
SLA_2263,SVC_NET,4.0,4.49,true
SLA_2264,SVC_ORD,8.0,9.67,true
SLA_2265,SVC_SHIP,2.0,1.68,false
SLA_2266,SVC_NET,4.0,5.87,true
SLA_2267,SVC_AUTH,2.0,3.78,true
SLA_2268,SVC_ORD,2.0,4.63,true
SLA_2269,SVC_AUTH,8.0,7.34,false
SLA_2270,SVC_EMAIL,2.0,4.04,true
SLA_2271,SVC_SHIP,2.0,1.62,false
SLA_2272,SVC_ECOM,2.0,2.12,true
SLA_2273,SVC_SHIP,4.0,5.76,true
SLA_2274,SVC_EMAIL,4.0,4.5,true
SLA_2275,SVC_DB,8.0,10.2,true
SLA_2276,SVC_NET,8.0,8.22,true
SLA_2277,SVC_SHIP,4.0,6.28,true
SLA_2278,SVC_NET,2.0,1.51,false
SLA_2279,SVC_AUTH,2.0,3.86,true
SLA_2280,SVC_ECOM,8.0,10.78,true
SLA_2281,SVC_SHIP,4.0,4.46,true
SLA_2282,SVC_NET,2.0,1.91,false
SLA_2283,SVC_AUTH,8.0,8.34,true
SLA_2284,SVC_AUTH,8.0,9.97,true
SLA_2285,SVC_ECOM,4.0,3.66,false
SLA_2286,SVC_ORD,4.0,4.66,true
SLA_2287,SVC_DB,2.0,1.88,false
SLA_2288,SVC_PAY,2.0,3.73,true
SLA_2289,SVC_NET,4.0,4.07,true
SLA_2290,SVC_ECOM,4.0,5.24,true
SLA_2291,SVC_DB,8.0,10.66,true
SLA_2292,SVC_EMAIL,8.0,7.82,false
SLA_2293,SVC_ORD,8.0,7.28,false
SLA_2294,SVC_AUTH,4.0,4.49,true
SLA_2295,SVC_ORD,2.0,2.45,true
SLA_2296,SVC_NET,4.0,5.19,true
SLA_2297,SVC_DB,2.0,2.24,true
SLA_2298,SVC_REP,4.0,4.0,true
SLA_2299,SVC_DB,2.0,1.78,false
SLA_2300,SVC_INV,8.0,7.3,false
SLA_2301,SVC_EMAIL,4.0,6.74,true
SLA_2302,SVC_PAY,8.0,9.12,true
SLA_2303,SVC_PAY,8.0,7.63,false
SLA_2304,SVC_ORD,8.0,7.4,false
SLA_2305,SVC_PAY,4.0,5.0,true
SLA_2306,SVC_REP,4.0,6.63,true
SLA_2307,SVC_REP,8.0,9.43,true
SLA_2308,SVC_ORD,2.0,3.72,true
SLA_2309,SVC_ECOM,4.0,4.95,true
SLA_2310,SVC_DB,2.0,2.0,false
SLA_2311,SVC_DB,8.0,7.71,false
SLA_2312,SVC_AUTH,8.0,10.66,true
SLA_2313,SVC_INV,4.0,5.83,true
SLA_2314,SVC_DB,2.0,4.05,true
SLA_2315,SVC_INV,8.0,7.88,false
SLA_2316,SVC_EMAIL,4.0,6.9,true
SLA_2317,SVC_SHIP,8.0,8.24,true
SLA_2318,SVC_ECOM,2.0,2.52,true
SLA_2319,SVC_REP,8.0,7.3,false
SLA_2320,SVC_SHIP,4.0,4.54,true
SLA_2321,SVC_SHIP,4.0,3.79,false
SLA_2322,SVC_INV,2.0,2.77,true
SLA_2323,SVC_ECOM,2.0,1.5,false
SLA_2324,SVC_DB,2.0,1.01,false
SLA_2325,SVC_INV,8.0,9.17,true
SLA_2326,SVC_NET,2.0,2.0,true
SLA_2327,SVC_PAY,8.0,9.16,true
SLA_2328,SVC_EMAIL,8.0,10.8,true
SLA_2329,SVC_DB,4.0,6.53,true
SLA_2330,SVC_PAY,4.0,5.78,true
SLA_2331,SVC_NET,8.0,8.19,true
SLA_2332,SVC_AUTH,4.0,3.9,false
SLA_2333,SVC_ECOM,8.0,8.65,true
SLA_2334,SVC_SHIP,8.0,7.53,false
SLA_2335,SVC_PAY,4.0,5.71,true
SLA_2336,SVC_EMAIL,2.0,1.32,false
SLA_2337,SVC_PAY,2.0,3.47,true
SLA_2338,SVC_SHIP,4.0,6.95,true
SLA_2339,SVC_SHIP,2.0,2.78,true
SLA_2340,SVC_REP,8.0,8.99,true
SLA_2341,SVC_EMAIL,8.0,10.7,true
SLA_2342,SVC_DB,4.0,4.96,true
SLA_2343,SVC_ECOM,4.0,3.16,false
SLA_2344,SVC_REP,4.0,4.7,true
SLA_2345,SVC_PAY,2.0,1.21,false
SLA_2346,SVC_AUTH,4.0,4.93,true
SLA_2347,SVC_ORD,4.0,5.09,true
SLA_2348,SVC_NET,2.0,2.0,false
SLA_2349,SVC_REP,8.0,7.74,false
SLA_2350,SVC_AUTH,4.0,5.06,true
SLA_2351,SVC_INV,8.0,10.86,true
SLA_2352,SVC_REP,4.0,6.21,true
SLA_2353,SVC_DB,2.0,2.68,true
SLA_2354,SVC_DB,4.0,3.9,false
SLA_2355,SVC_NET,8.0,8.74,true
SLA_2356,SVC_NET,8.0,7.61,false
SLA_2357,SVC_ECOM,4.0,3.47,false
SLA_2358,SVC_NET,2.0,3.77,true
SLA_2359,SVC_INV,2.0,2.12,true
SLA_2360,SVC_ORD,4.0,5.18,true
SLA_2361,SVC_EMAIL,2.0,1.62,false
SLA_2362,SVC_AUTH,8.0,10.89,true
SLA_2363,SVC_INV,8.0,9.17,true
SLA_2364,SVC_SHIP,8.0,9.08,true
SLA_2365,SVC_NET,8.0,10.84,true
SLA_2366,SVC_NET,4.0,3.85,false
SLA_2367,SVC_AUTH,4.0,3.39,false
SLA_2368,SVC_AUTH,4.0,3.21,false
SLA_2369,SVC_DB,2.0,4.33,true
SLA_2370,SVC_NET,2.0,2.49,true
SLA_2371,SVC_EMAIL,4.0,4.45,true
SLA_2372,SVC_ORD,8.0,7.14,false
SLA_2373,SVC_REP,2.0,2.19,true
SLA_2374,SVC_AUTH,2.0,3.37,true
SLA_2375,SVC_EMAIL,4.0,5.55,true
SLA_2376,SVC_ECOM,4.0,3.09,false
SLA_2377,SVC_ECOM,8.0,8.24,true
SLA_2378,SVC_SHIP,8.0,7.3,false
SLA_2379,SVC_ECOM,4.0,6.64,true
SLA_2380,SVC_SHIP,2.0,3.3,true
SLA_2381,SVC_EMAIL,8.0,9.84,true
SLA_2382,SVC_PAY,8.0,9.57,true
SLA_2383,SVC_EMAIL,8.0,9.16,true
SLA_2384,SVC_DB,4.0,4.86,true
SLA_2385,SVC_NET,4.0,4.94,true
SLA_2386,SVC_NET,2.0,1.36,false
SLA_2387,SVC_DB,4.0,3.05,false
SLA_2388,SVC_NET,2.0,2.97,true
SLA_2389,SVC_REP,2.0,1.93,false
SLA_2390,SVC_SHIP,4.0,5.48,true
SLA_2391,SVC_NET,2.0,4.23,true
SLA_2392,SVC_SHIP,2.0,4.49,true
SLA_2393,SVC_AUTH,2.0,4.75,true
SLA_2394,SVC_ORD,2.0,3.74,true
SLA_2395,SVC_ECOM,2.0,3.48,true
SLA_2396,SVC_DB,8.0,8.43,true
SLA_2397,SVC_REP,2.0,2.74,true
SLA_2398,SVC_AUTH,4.0,3.27,false
SLA_2399,SVC_EMAIL,8.0,8.03,true
SLA_2400,SVC_ECOM,8.0,8.2,true
SLA_2401,SVC_DB,8.0,7.87,false
SLA_2402,SVC_SHIP,4.0,3.76,false
SLA_2403,SVC_PAY,2.0,4.34,true
SLA_2404,SVC_SHIP,8.0,10.24,true
SLA_2405,SVC_DB,2.0,1.49,false
SLA_2406,SVC_DB,8.0,9.31,true
SLA_2407,SVC_ECOM,4.0,3.46,false
SLA_2408,SVC_PAY,4.0,6.75,true
SLA_2409,SVC_DB,8.0,7.2,false
SLA_2410,SVC_NET,8.0,7.97,false
SLA_2411,SVC_INV,2.0,3.69,true
SLA_2412,SVC_PAY,2.0,1.22,false
SLA_2413,SVC_ECOM,2.0,2.98,true
SLA_2414,SVC_REP,2.0,4.46,true
SLA_2415,SVC_EMAIL,8.0,7.42,false
SLA_2416,SVC_PAY,4.0,6.27,true
SLA_2417,SVC_REP,4.0,3.76,false
SLA_2418,SVC_ECOM,8.0,7.62,false
SLA_2419,SVC_NET,4.0,4.73,true
SLA_2420,SVC_EMAIL,8.0,10.44,true
SLA_2421,SVC_SHIP,2.0,2.26,true
SLA_2422,SVC_ORD,2.0,4.21,true
SLA_2423,SVC_AUTH,4.0,4.03,true
SLA_2424,SVC_AUTH,4.0,5.05,true
SLA_2425,SVC_DB,8.0,10.87,true
SLA_2426,SVC_ORD,8.0,10.81,true
SLA_2427,SVC_SHIP,8.0,8.06,true
SLA_2428,SVC_EMAIL,4.0,3.81,false
SLA_2429,SVC_PAY,2.0,4.95,true
SLA_2430,SVC_PAY,8.0,9.57,true
SLA_2431,SVC_EMAIL,2.0,1.22,false
SLA_2432,SVC_SHIP,2.0,4.02,true
SLA_2433,SVC_DB,4.0,5.54,true
SLA_2434,SVC_SHIP,8.0,8.49,true
SLA_2435,SVC_AUTH,8.0,10.1,true
SLA_2436,SVC_SHIP,8.0,7.29,false
SLA_2437,SVC_REP,2.0,1.37,false
SLA_2438,SVC_DB,8.0,7.01,false
SLA_2439,SVC_EMAIL,4.0,6.67,true
SLA_2440,SVC_REP,2.0,1.61,false
SLA_2441,SVC_SHIP,2.0,3.6,true
SLA_2442,SVC_ECOM,8.0,10.19,true
SLA_2443,SVC_INV,4.0,6.83,true
SLA_2444,SVC_REP,4.0,3.13,false
SLA_2445,SVC_REP,2.0,4.36,true
SLA_2446,SVC_DB,2.0,1.23,false
SLA_2447,SVC_ORD,2.0,4.94,true
SLA_2448,SVC_PAY,4.0,3.55,false
SLA_2449,SVC_NET,4.0,6.17,true
SLA_2450,SVC_NET,8.0,7.84,false
SLA_2451,SVC_INV,8.0,9.01,true
SLA_2452,SVC_NET,4.0,5.43,true
SLA_2453,SVC_NET,2.0,4.48,true
SLA_2454,SVC_ORD,8.0,9.66,true
SLA_2455,SVC_EMAIL,2.0,2.3,true
SLA_2456,SVC_INV,2.0,1.64,false
SLA_2457,SVC_SHIP,8.0,7.48,false
SLA_2458,SVC_NET,2.0,4.54,true
SLA_2459,SVC_NET,4.0,6.9,true
SLA_2460,SVC_EMAIL,4.0,3.07,false
SLA_2461,SVC_REP,4.0,4.51,true
SLA_2462,SVC_EMAIL,2.0,1.29,false
SLA_2463,SVC_PAY,2.0,4.47,true
SLA_2464,SVC_ECOM,8.0,10.56,true
SLA_2465,SVC_SHIP,8.0,9.17,true
SLA_2466,SVC_REP,4.0,3.43,false
SLA_2467,SVC_REP,8.0,9.51,true
SLA_2468,SVC_EMAIL,8.0,10.27,true
SLA_2469,SVC_DB,8.0,9.26,true
SLA_2470,SVC_AUTH,8.0,8.57,true
SLA_2471,SVC_EMAIL,4.0,4.71,true
SLA_2472,SVC_INV,8.0,7.19,false
SLA_2473,SVC_NET,8.0,7.7,false
SLA_2474,SVC_ECOM,8.0,9.89,true
SLA_2475,SVC_DB,4.0,5.41,true
SLA_2476,SVC_REP,2.0,2.41,true
SLA_2477,SVC_REP,4.0,5.65,true
SLA_2478,SVC_EMAIL,8.0,9.3,true
SLA_2479,SVC_ECOM,2.0,2.2,true
SLA_2480,SVC_INV,4.0,4.04,true
SLA_2481,SVC_ORD,2.0,4.0,true
SLA_2482,SVC_AUTH,8.0,9.8,true
SLA_2483,SVC_SHIP,8.0,9.36,true
SLA_2484,SVC_INV,8.0,8.84,true
SLA_2485,SVC_ECOM,8.0,7.22,false
SLA_2486,SVC_SHIP,2.0,2.8,true
SLA_2487,SVC_DB,4.0,3.56,false
SLA_2488,SVC_INV,4.0,5.56,true
SLA_2489,SVC_NET,4.0,3.38,false
SLA_2490,SVC_ORD,4.0,6.96,true
SLA_2491,SVC_INV,2.0,1.76,false
SLA_2492,SVC_EMAIL,8.0,8.15,true
SLA_2493,SVC_ECOM,2.0,1.87,false
SLA_2494,SVC_PAY,4.0,5.49,true
SLA_2495,SVC_PAY,4.0,6.47,true
SLA_2496,SVC_REP,2.0,2.43,true
SLA_2497,SVC_ORD,2.0,4.61,true
SLA_2498,SVC_INV,2.0,4.41,true
SLA_2499,SVC_PAY,8.0,8.51,true
SLA_2500,SVC_ORD,2.0,2.6,true
